filename,source,out_name,db_gain,threshold_db,ratio,attack,release,type_1,type_2,type_3,f0_1,f0_2,f0_3,gain_db_1,gain_db_2,gain_db_3,Q_1,Q_2,Q_3
Bring Me The Horizon - Doomed (MAPHRA Vocal Cover)_39920-44920ms_ch1_00000-05000ms_000003.wav,Bring Me The Horizon - Doomed (MAPHRA Vocal Cover)_39920-44920ms_ch1_00000-05000ms.wav,Bring Me The Horizon - Doomed (MAPHRA Vocal Cover)_39920-44920ms_ch1_00000-05000ms_000003.wav,-14.685641769765137,-5.654583981458828,7.324287023319213,0.060331465488104294,0.9311363898701489,bell,low_shelf,bell,19245.486939997434,11390.713478412976,5570.652212950789,-4.488504907802671,26.158879533568637,38.97784129764467,1.9928909480739203,6.274310180531822,5.536539865855685
Bring Me The Horizon - Doomed (MAPHRA Vocal Cover)_39920-44920ms_ch1_00000-05000ms_000001.wav,Bring Me The Horizon - Doomed (MAPHRA Vocal Cover)_39920-44920ms_ch1_00000-05000ms.wav,Bring Me The Horizon - Doomed (MAPHRA Vocal Cover)_39920-44920ms_ch1_00000-05000ms_000001.wav,-25.014335984353067,-15.563126954060007,2.872789696915706,0.07774091672657286,0.3280718926185794,low_shelf,high_shelf,bell,8686.078244735329,15828.815816695515,924.3110044143706,23.948185051048483,29.780307334917936,-21.28547352480222,2.007582158216274,6.3932899264118115,4.7963277565487346
Bring Me The Horizon - Doomed (MAPHRA Vocal Cover)_39920-44920ms_ch1_00000-05000ms_000002.wav,Bring Me The Horizon - Doomed (MAPHRA Vocal Cover)_39920-44920ms_ch1_00000-05000ms.wav,Bring Me The Horizon - Doomed (MAPHRA Vocal Cover)_39920-44920ms_ch1_00000-05000ms_000002.wav,-5.55052922814432,-19.691351366772405,8.659886174805923,0.014305942159333146,0.6736348722562089,low_shelf,bell,bell,3410.366765616142,3085.9047874445496,4143.340619005657,-27.515064969990128,-24.8688730801679,1.7418699609728492,7.4925911342544325,4.248760967788885,7.872862679092033
