epoch,loudness_zwtv,sharpness_din_tv,roughness_dw,tnr_ecma_perseg,sii_ansi,total,val_loudness_zwtv,val_sharpness_din_tv,val_roughness_dw,val_tnr_ecma_perseg,val_sii_ansi,val_total
1,88.71067810058594,0.25802934169769287,0.21017466485500336,49.64982986450195,0.02799743041396141,44.013729095458984,60.793128967285156,0.2362338900566101,0.1944560408592224,54.05106735229492,0.025078248232603073,30.23012351989746
2,66.38544464111328,0.23630419373512268,0.18559469282627106,48.53036880493164,0.024197641760110855,32.98075866699219,60.161746978759766,0.2309524267911911,0.18185612559318542,53.57655715942383,0.024910131469368935,29.914676666259766
3,64.2314224243164,0.23159770667552948,0.18059490621089935,48.002193450927734,0.02265503816306591,31.914043426513672,58.295833587646484,0.22983424365520477,0.17988356947898865,52.418766021728516,0.02326331101357937,28.990995407104492
4,60.492523193359375,0.22684574127197266,0.17441360652446747,47.12153625488281,0.021898549050092697,30.064435958862305,57.47991180419922,0.22812384366989136,0.17446909844875336,51.27158737182617,0.022964853793382645,28.585205078125
5,58.160160064697266,0.2222878336906433,0.1679239273071289,46.71877670288086,0.021733174100518227,28.910072326660156,55.340492248535156,0.2164681851863861,0.17075249552726746,50.696754455566406,0.023504922166466713,27.522035598754883
6,57.658843994140625,0.217277392745018,0.1689038723707199,46.08230209350586,0.022502588108181953,28.658918380737305,52.85264587402344,0.2144339233636856,0.16825643181800842,51.15157699584961,0.024521371349692345,26.293874740600586
7,54.82292938232422,0.21271120011806488,0.1694110929965973,45.73450469970703,0.02320389822125435,27.256229400634766,52.52491760253906,0.21005825698375702,0.16718699038028717,50.57250213623047,0.024857619777321815,26.129091262817383
8,54.3604621887207,0.2097872644662857,0.16869059205055237,45.287776947021484,0.023717345669865608,27.025611877441406,51.68608474731445,0.20541292428970337,0.1719718724489212,49.34695053100586,0.024185853078961372,25.71019172668457
9,53.00513458251953,0.20749354362487793,0.16831913590431213,44.968666076660156,0.02409963123500347,26.354854583740234,49.843448638916016,0.20459234714508057,0.16984306275844574,49.43973922729492,0.024860626086592674,24.800466537475586
10,52.30241775512695,0.20475655794143677,0.1689743548631668,44.59269332885742,0.024363229051232338,26.005935668945312,49.84148406982422,0.20032575726509094,0.17401234805583954,48.82959747314453,0.025601256638765335,24.79623031616211
11,51.76245880126953,0.20311377942562103,0.16929368674755096,44.356040954589844,0.023255422711372375,25.73809814453125,49.54948806762695,0.2007134109735489,0.16864578425884247,48.764095306396484,0.024288056418299675,24.652080535888672
12,50.741458892822266,0.20327159762382507,0.16878587007522583,44.22874069213867,0.02387884631752968,25.234004974365234,47.8273811340332,0.1971472203731537,0.17020004987716675,48.04876708984375,0.024166712537407875,23.798980712890625
13,50.09553909301758,0.201132133603096,0.16812525689601898,43.932647705078125,0.02447184920310974,24.913564682006836,47.95298385620117,0.1940038651227951,0.17272107303142548,47.89531707763672,0.02526366338133812,23.859172821044922
14,49.55241394042969,0.1990051120519638,0.16781073808670044,43.7272834777832,0.02544231526553631,24.644039154052734,47.13311767578125,0.1953963339328766,0.1672384887933731,48.11668014526367,0.026167992502450943,23.455507278442383
15,49.31289291381836,0.19926950335502625,0.16785787045955658,43.616432189941406,0.025737380608916283,24.525606155395508,46.439815521240234,0.19553910195827484,0.1675233095884323,47.85389709472656,0.026471562683582306,23.11290168762207
16,48.625064849853516,0.19700397551059723,0.16769829392433167,43.2726936340332,0.02538156695663929,24.184396743774414,48.626190185546875,0.20295144617557526,0.16621066629886627,47.7111701965332,0.025544200092554092,24.195480346679688
17,47.89542770385742,0.19551928341388702,0.16771793365478516,43.140228271484375,0.02539733052253723,23.823244094848633,45.69813919067383,0.1932840198278427,0.16803638637065887,46.957740783691406,0.024165501818060875,22.7440242767334
18,47.05126953125,0.19595545530319214,0.1670389026403427,43.04254150390625,0.02424948289990425,23.406530380249023,44.98435592651367,0.1884288638830185,0.170554056763649,46.81251907348633,0.026516973972320557,22.38901710510254
19,46.60243225097656,0.19288522005081177,0.16756445169448853,42.873382568359375,0.024847472086548805,23.183185577392578,44.90170669555664,0.19394466280937195,0.16661123931407928,46.94706726074219,0.024629982188344002,22.35112190246582
20,45.99152374267578,0.19284456968307495,0.16695478558540344,42.74496078491211,0.02542218379676342,22.881378173828125,43.71240234375,0.18561135232448578,0.16902567446231842,46.57708740234375,0.02838938497006893,21.759296417236328
21,45.05870819091797,0.19176198542118073,0.16672033071517944,42.68555450439453,0.025034582242369652,22.420297622680664,46.07080078125,0.19219674170017242,0.16679124534130096,46.15611267089844,0.024204976856708527,22.925830841064453
22,45.001190185546875,0.19090381264686584,0.1653514951467514,42.58544921875,0.02436329796910286,22.391250610351562,43.151920318603516,0.18959487974643707,0.1642003059387207,46.50008773803711,0.02638974040746689,21.484485626220703
23,44.2498893737793,0.18989823758602142,0.1652929186820984,42.27388000488281,0.023818055167794228,22.019329071044922,42.014984130859375,0.18281881511211395,0.16676928102970123,46.17038345336914,0.02316983975470066,20.91926383972168
24,44.364505767822266,0.18852539360523224,0.16572606563568115,42.24937057495117,0.023915139958262444,22.07516860961914,42.19334411621094,0.18283700942993164,0.16891823709011078,46.18808364868164,0.024709532037377357,21.007349014282227
25,43.182960510253906,0.18705005943775177,0.16696478426456451,42.04182052612305,0.023399557918310165,21.49085807800293,46.884132385253906,0.20308232307434082,0.16816489398479462,45.74796676635742,0.033369287848472595,23.331987380981445
26,43.11965560913086,0.18805640935897827,0.16595160961151123,42.02742385864258,0.02382669411599636,21.459999084472656,41.55194854736328,0.18647918105125427,0.16806268692016602,46.21769714355469,0.02436920627951622,20.692617416381836
27,42.382930755615234,0.18578433990478516,0.16590046882629395,41.958011627197266,0.022987453266978264,21.095155715942383,41.18178176879883,0.179467111825943,0.16828110814094543,45.22932434082031,0.02572430856525898,20.504568099975586
28,42.3107795715332,0.1863066405057907,0.1651846468448639,41.876731872558594,0.023534102365374565,21.059654235839844,40.79618453979492,0.18029405176639557,0.16463980078697205,45.54034423828125,0.02371853217482567,20.31517219543457
29,41.72766876220703,0.184431254863739,0.16432516276836395,41.89406204223633,0.0227205753326416,20.77090835571289,41.94990539550781,0.19505545496940613,0.1667529195547104,45.46845245361328,0.022143090143799782,20.89182472229004
30,41.02543258666992,0.18328215181827545,0.16453494131565094,41.623931884765625,0.023155804723501205,20.42314338684082,40.13423156738281,0.17798183858394623,0.16630366444587708,45.14512252807617,0.02395080402493477,19.986557006835938
31,40.423126220703125,0.1824110448360443,0.16521836817264557,41.69569778442383,0.022617526352405548,20.12566566467285,39.46889114379883,0.1808481216430664,0.1628793179988861,45.613807678222656,0.02341906726360321,19.660572052001953
32,40.36741638183594,0.1818380057811737,0.16428261995315552,41.514503479003906,0.02133261226117611,20.09744644165039,39.26194763183594,0.17547740042209625,0.16412878036499023,44.44734191894531,0.021703070029616356,19.553403854370117
33,39.83918380737305,0.18030588328838348,0.1651977151632309,41.22553253173828,0.020739762112498283,19.8354434967041,38.9315071105957,0.17681390047073364,0.16430023312568665,44.71182632446289,0.022952575236558914,19.391510009765625
34,39.14752960205078,0.18048830330371857,0.16404768824577332,41.452457427978516,0.02178693562746048,19.494489669799805,38.54209518432617,0.1724974513053894,0.16761668026447296,45.41781234741211,0.022815527394413948,19.19858169555664
35,38.91353988647461,0.17921598255634308,0.164704829454422,41.205596923828125,0.021317914128303528,19.3779354095459,38.24049377441406,0.17615461349487305,0.16868503391742706,44.990543365478516,0.022598925977945328,19.050643920898438
36,38.5447883605957,0.1779819279909134,0.16487601399421692,41.204734802246094,0.021156851202249527,19.19527244567871,37.21601486206055,0.17587541043758392,0.16591082513332367,43.96286392211914,0.02236860804259777,18.542823791503906
37,38.193294525146484,0.17723877727985382,0.1648215353488922,41.04478454589844,0.02168809436261654,19.02109718322754,37.1833610534668,0.17299219965934753,0.16517876088619232,45.18777847290039,0.021914182230830193,18.527629852294922
38,38.079498291015625,0.17760422825813293,0.1636209487915039,41.06036376953125,0.020847823470830917,18.96512222290039,36.7596435546875,0.16953574120998383,0.1653546690940857,44.7745475769043,0.02148056961596012,18.31596565246582
39,37.17935562133789,0.17687945067882538,0.16405083239078522,41.171714782714844,0.020829137414693832,18.520727157592773,37.50518035888672,0.1745276153087616,0.16397134959697723,44.877281188964844,0.020626729354262352,18.686626434326172
40,37.381195068359375,0.17557647824287415,0.16460825502872467,40.81868362426758,0.01987069472670555,18.61895179748535,37.187416076660156,0.1662943959236145,0.1648872047662735,43.7512321472168,0.020132137462496758,18.523550033569336
41,36.52932357788086,0.17482268810272217,0.1627020388841629,40.912410736083984,0.019994715228676796,18.198259353637695,38.17498779296875,0.1688312590122223,0.16693748533725739,43.298221588134766,0.020733188837766647,19.01142692565918
42,36.55085372924805,0.17307478189468384,0.16362762451171875,40.5303840637207,0.021182846277952194,18.20741844177246,39.26755142211914,0.1735900491476059,0.16743943095207214,43.5313720703125,0.022675974294543266,19.553504943847656
43,35.904937744140625,0.17290741205215454,0.16370996832847595,40.47952651977539,0.021725622937083244,17.888364791870117,35.62002182006836,0.166976660490036,0.16685819625854492,43.88258361816406,0.023372041061520576,17.750492095947266
44,35.455692291259766,0.1724165380001068,0.16398295760154724,40.49399185180664,0.021006563678383827,17.66637420654297,34.810794830322266,0.1696697324514389,0.16488265991210938,44.053829193115234,0.020260805264115334,17.352689743041992
45,35.3391227722168,0.1723870486021042,0.16360530257225037,40.54631805419922,0.02051430568099022,17.608898162841797,34.426902770996094,0.16822367906570435,0.1628044992685318,44.1060791015625,0.021261049434542656,17.162595748901367
46,34.95444107055664,0.17035165429115295,0.1634196937084198,40.306453704833984,0.021195443347096443,17.41754722595215,34.717342376708984,0.1684410721063614,0.16319791972637177,43.537662506103516,0.02201833575963974,17.304941177368164
47,34.319007873535156,0.17037639021873474,0.16327932476997375,40.325050354003906,0.021117227151989937,17.10404396057129,33.72154998779297,0.16321080923080444,0.16341136395931244,43.769107818603516,0.020858624950051308,16.81126594543457
48,34.208465576171875,0.16896356642246246,0.16325238347053528,40.25025177001953,0.021106986328959465,17.048580169677734,33.538307189941406,0.16336840391159058,0.16422581672668457,43.998558044433594,0.021802842617034912,16.721355438232422
49,33.941734313964844,0.16823504865169525,0.1629040539264679,40.02875900268555,0.022293146699666977,16.916122436523438,33.23878860473633,0.16551096737384796,0.1624758243560791,43.271541595458984,0.024207115173339844,16.57316780090332
50,33.76036834716797,0.1681196093559265,0.16324369609355927,40.35422897338867,0.02337738126516342,16.82721710205078,34.96684265136719,0.1708899587392807,0.16649197041988373,43.176578521728516,0.022547362372279167,17.42864990234375
51,33.505069732666016,0.1666799783706665,0.1638113260269165,40.03672409057617,0.023247143253684044,16.699838638305664,32.76488494873047,0.1652950495481491,0.16218534111976624,42.44009780883789,0.02356332540512085,16.337623596191406
52,33.35563278198242,0.16599808633327484,0.1631350964307785,39.968406677246094,0.022453755140304565,16.625593185424805,33.56155014038086,0.16405659914016724,0.1631651520729065,43.66910171508789,0.023026155307888985,16.732528686523438
53,32.97496795654297,0.16501352190971375,0.16305376589298248,39.70195007324219,0.021460985764861107,16.436731338500977,32.70798110961914,0.15900495648384094,0.1635509431362152,42.85115051269531,0.021513696759939194,16.307153701782227
54,32.79484558105469,0.16451072692871094,0.1629665493965149,39.85206604003906,0.021524416282773018,16.347824096679688,31.983705520629883,0.1588333398103714,0.16564668715000153,42.3826789855957,0.02213025465607643,15.948737144470215
55,32.55229949951172,0.16460494697093964,0.16311782598495483,39.902671813964844,0.020864438265562057,16.228229522705078,34.3128662109375,0.16390296816825867,0.16464413702487946,43.13278579711914,0.02106284350156784,17.102298736572266
56,32.08966064453125,0.16365808248519897,0.16345249116420746,39.82112503051758,0.02165931835770607,15.999246597290039,31.708669662475586,0.15844663977622986,0.1641918420791626,43.12902069091797,0.02173144929111004,15.814132690429688
57,32.13383102416992,0.16321106255054474,0.16341401636600494,39.61281204223633,0.02118723839521408,16.020471572875977,32.52256774902344,0.15677346289157867,0.1649128496646881,42.18720245361328,0.02201036736369133,16.21329689025879
58,31.652191162109375,0.1629374474287033,0.16377757489681244,39.52109909057617,0.021309757605195045,15.782402992248535,31.40102767944336,0.159092515707016,0.16489288210868835,43.65867233276367,0.02200109139084816,15.663631439208984
59,31.394588470458984,0.1611652374267578,0.16297845542430878,39.6275749206543,0.020842313766479492,15.654581069946289,30.43128204345703,0.1575324386358261,0.16313891112804413,42.9703483581543,0.0219708364456892,15.182861328125
60,31.100967407226562,0.1615104079246521,0.16239245235919952,39.58406066894531,0.02135530859231949,15.509721755981445,31.24427604675293,0.15528970956802368,0.16369092464447021,42.47627258300781,0.021107561886310577,15.582096099853516
61,31.019386291503906,0.16143804788589478,0.16315750777721405,39.31660842895508,0.021796787157654762,15.468880653381348,31.586660385131836,0.15485841035842896,0.1620679646730423,42.81243896484375,0.022182928398251534,15.751510620117188
62,30.439754486083984,0.16057398915290833,0.162649467587471,39.59230422973633,0.02137097343802452,15.182859420776367,30.479713439941406,0.15654689073562622,0.16409216821193695,42.873844146728516,0.020950520411133766,15.206107139587402
63,30.306276321411133,0.15905755758285522,0.16295653581619263,39.47111511230469,0.02104371041059494,15.116044998168945,29.932161331176758,0.15433764457702637,0.1639634221792221,42.77772903442383,0.021112676709890366,14.934562683105469
64,30.218303680419922,0.15961714088916779,0.16328132152557373,39.4189338684082,0.02027250826358795,15.072762489318848,29.839509963989258,0.15233230590820312,0.1640702188014984,42.90467834472656,0.021496670320630074,14.888045310974121
65,29.753568649291992,0.15921515226364136,0.16336172819137573,39.319915771484375,0.019839797168970108,14.842974662780762,30.414512634277344,0.15625692903995514,0.16559205949306488,42.2533073425293,0.020301273092627525,15.172648429870605
66,29.752595901489258,0.1579437404870987,0.1630057692527771,39.201229095458984,0.019854694604873657,14.841649055480957,30.435762405395508,0.16252264380455017,0.1642814725637436,42.50288391113281,0.01791246235370636,15.186680793762207
67,29.3172550201416,0.15808095037937164,0.16291309893131256,39.2574577331543,0.019539689645171165,14.62691879272461,28.963153839111328,0.1530076116323471,0.1637258678674698,42.478450775146484,0.018895410001277924,14.454996109008789
68,29.503582000732422,0.15834271907806396,0.16311971843242645,39.45237350463867,0.01944788731634617,14.7194242477417,29.102487564086914,0.15662740170955658,0.16481100022792816,43.58917236328125,0.019127003848552704,14.52768325805664
69,29.20713233947754,0.15765973925590515,0.16342836618423462,39.49307632446289,0.01915884204208851,14.572831153869629,29.410499572753906,0.1585383266210556,0.1641564518213272,41.924076080322266,0.02034757286310196,14.677528381347656
70,29.05327606201172,0.1566864252090454,0.16279776394367218,39.050636291503906,0.01920449361205101,14.49551010131836,28.4265193939209,0.15393507480621338,0.16423693299293518,42.7762565612793,0.019714010879397392,14.19113540649414
71,28.41762924194336,0.15629658102989197,0.16312362253665924,39.08204650878906,0.019263846799731255,14.181703567504883,28.03816795349121,0.14941509068012238,0.16417598724365234,41.55927276611328,0.02000819332897663,13.994950294494629
72,28.394319534301758,0.15546518564224243,0.16312718391418457,39.233768463134766,0.017988471314311028,14.170015335083008,28.14127540588379,0.15121152997016907,0.16416291892528534,42.67859649658203,0.018816787749528885,14.048765182495117
73,28.09524917602539,0.1554940640926361,0.16305719316005707,39.037437438964844,0.01833442412316799,14.022026062011719,27.822317123413086,0.14987412095069885,0.1633283495903015,42.33598327636719,0.017790915444493294,13.89004135131836
74,28.23206901550293,0.15370623767375946,0.16347801685333252,38.854488372802734,0.01905263215303421,14.088401794433594,27.790552139282227,0.15391521155834198,0.16315214335918427,42.36848831176758,0.01939849555492401,13.876471519470215
75,27.64459991455078,0.15467436611652374,0.16304239630699158,39.078731536865234,0.018357813358306885,13.799232482910156,27.489521026611328,0.15060164034366608,0.1633569300174713,41.63603210449219,0.0164379570633173,13.724836349487305
76,27.708511352539062,0.15380148589611053,0.16334785521030426,38.628639221191406,0.018099777400493622,13.8295259475708,27.445045471191406,0.14912748336791992,0.16388452053070068,41.86826705932617,0.019891012459993362,13.702600479125977
77,27.360519409179688,0.15281087160110474,0.16279710829257965,38.90055465698242,0.017424818128347397,13.657830238342285,27.602092742919922,0.14917230606079102,0.1638326346874237,42.2546501159668,0.015252375043928623,13.780804634094238
78,27.22405433654785,0.15274390578269958,0.1629633903503418,38.68876647949219,0.016936974599957466,13.589961051940918,26.552547454833984,0.14745961129665375,0.16461241245269775,42.023048400878906,0.016292555257678032,13.261517524719238
79,27.05719566345215,0.1533004492521286,0.16280655562877655,38.71208572387695,0.017016256228089333,13.508028984069824,27.11342430114746,0.14679205417633057,0.1642168164253235,42.07764434814453,0.01830141432583332,13.538119316101074
80,26.702186584472656,0.15169525146484375,0.16311165690422058,38.568878173828125,0.017570095136761665,13.33169937133789,26.540178298950195,0.14709432423114777,0.16333316266536713,41.982887268066406,0.017833979800343513,13.255077362060547
81,26.55012321472168,0.15234366059303284,0.16272377967834473,38.5974235534668,0.017049774527549744,13.256937980651855,26.047527313232422,0.14726771414279938,0.16467876732349396,41.6085319519043,0.017340298742055893,13.011353492736816
82,26.45074462890625,0.15232735872268677,0.1634402722120285,38.71805191040039,0.017681600525975227,13.2081298828125,26.908628463745117,0.1463417261838913,0.16273273527622223,41.15195846557617,0.018092701211571693,13.435066223144531
83,26.12989044189453,0.15044456720352173,0.16263124346733093,38.598636627197266,0.016514508053660393,13.048566818237305,27.608036041259766,0.15571565926074982,0.1635388284921646,41.369163513183594,0.017954884096980095,13.78534984588623
84,26.10062599182129,0.15081769227981567,0.1626497060060501,38.592323303222656,0.01702282205224037,13.034320831298828,25.79389190673828,0.14575186371803284,0.16385163366794586,42.133216857910156,0.01615178771317005,12.886397361755371
85,25.983455657958984,0.15014612674713135,0.16278962790966034,38.36667251586914,0.017164722084999084,12.975762367248535,25.88525390625,0.1445212960243225,0.16359394788742065,42.03545379638672,0.01621176116168499,12.930639266967773
86,25.80850601196289,0.14997917413711548,0.16342006623744965,38.44133377075195,0.017234113067388535,12.889459609985352,26.052587509155273,0.1467735469341278,0.16390962898731232,41.3687858581543,0.015977643430233,13.013144493103027
87,25.598588943481445,0.1494767665863037,0.1627548187971115,38.3979377746582,0.01650007627904415,12.785466194152832,25.19493293762207,0.14344583451747894,0.16321949660778046,41.22890090942383,0.018618445843458176,12.587898254394531
88,25.705045700073242,0.14901494979858398,0.16287855803966522,38.36307907104492,0.016991429030895233,12.837712287902832,25.526653289794922,0.14666494727134705,0.16411952674388885,42.11820983886719,0.017188038676977158,12.754899978637695
89,25.396236419677734,0.14820773899555206,0.16287116706371307,38.37808609008789,0.016802920028567314,12.684922218322754,25.41311264038086,0.14649531245231628,0.16373132169246674,42.09333801269531,0.017708418890833855,12.698716163635254
90,25.169641494750977,0.14814962446689606,0.16319429874420166,38.35086441040039,0.017084695398807526,12.572978019714355,24.960290908813477,0.14547158777713776,0.1640860140323639,41.19386291503906,0.018075862899422646,12.473000526428223
91,25.16049575805664,0.14751137793064117,0.16313199698925018,38.3376579284668,0.017275672405958176,12.568151473999023,24.698802947998047,0.14150409400463104,0.16363801062107086,41.27669906616211,0.017252914607524872,12.342167854309082
92,24.741947174072266,0.1480908989906311,0.16307461261749268,38.3747673034668,0.017027847468852997,12.36187744140625,24.301273345947266,0.14353325963020325,0.16490745544433594,41.58266830444336,0.01746254786849022,12.147453308105469
93,25.19809341430664,0.14795616269111633,0.16321729123592377,38.40611267089844,0.016396792605519295,12.58707046508789,24.510583877563477,0.14334498345851898,0.16462956368923187,42.023338317871094,0.016392609104514122,12.2515230178833
94,24.396095275878906,0.14612603187561035,0.16283151507377625,38.18663024902344,0.016208747401833534,12.189854621887207,25.032316207885742,0.14521318674087524,0.16474875807762146,41.08863067626953,0.016352685168385506,12.508204460144043
95,24.380170822143555,0.14570355415344238,0.16320183873176575,38.12205505371094,0.01645660400390625,12.181621551513672,24.782634735107422,0.14442794024944305,0.1648702621459961,41.20972442626953,0.016170021146535873,12.384872436523438
96,24.300447463989258,0.14521075785160065,0.16297942399978638,38.006534576416016,0.016373788937926292,12.141816139221191,23.63714027404785,0.1410575658082962,0.16411340236663818,41.05234146118164,0.016222761943936348,11.817431449890137
97,23.8974609375,0.14476929605007172,0.16350436210632324,37.742088317871094,0.015665899962186813,11.942219734191895,24.15481185913086,0.13965818285942078,0.16334185004234314,40.29186248779297,0.016243599355220795,12.07085132598877
98,23.71941566467285,0.14483599364757538,0.16333924233913422,38.04197311401367,0.015687962993979454,11.854938507080078,24.623817443847656,0.14116977155208588,0.16363221406936646,41.245697021484375,0.014365509152412415,12.304863929748535
99,23.540178298950195,0.14413034915924072,0.16323284804821014,37.85282516479492,0.01580044999718666,11.765771865844727,23.75398826599121,0.14018480479717255,0.1639196127653122,41.197792053222656,0.016415664926171303,11.874920845031738
100,23.572195053100586,0.14456285536289215,0.1635383814573288,38.17905807495117,0.01598735898733139,11.782474517822266,23.576900482177734,0.15425553917884827,0.1646832674741745,41.30050277709961,0.016347134485840797,11.794657707214355
101,23.50969123840332,0.144227534532547,0.16303014755249023,38.009490966796875,0.01607329398393631,11.751108169555664,23.125415802001953,0.14168106019496918,0.16448017954826355,41.095054626464844,0.015664290636777878,11.565225601196289
102,23.442975997924805,0.1438910812139511,0.16340826451778412,37.69056701660156,0.016163667663931847,11.717329025268555,23.00920867919922,0.13904960453510284,0.16508647799491882,40.94227981567383,0.01638314500451088,11.506296157836914
103,23.23674774169922,0.14310573041439056,0.1633198857307434,37.88600158691406,0.016286157071590424,11.615482330322266,23.511932373046875,0.14164882898330688,0.16469542682170868,40.72411346435547,0.017111968249082565,11.755306243896484
104,23.062047958374023,0.1432192325592041,0.16404180228710175,37.80433654785156,0.015428748913109303,11.529255867004395,22.902225494384766,0.13999375700950623,0.16317503154277802,41.94114303588867,0.0155064407736063,11.455747604370117
105,22.95071792602539,0.14316882193088531,0.1631506383419037,38.029720306396484,0.015961822122335434,11.474724769592285,25.24146270751953,0.1636037677526474,0.1662321835756302,40.34116744995117,0.016487376764416695,12.619144439697266
106,22.682891845703125,0.14289028942584991,0.16339749097824097,37.702476501464844,0.01537223532795906,11.341669082641602,23.797208786010742,0.13930493593215942,0.16438570618629456,41.016944885253906,0.015572975389659405,11.895450592041016
107,22.660457611083984,0.14260943233966827,0.1640637367963791,37.68931579589844,0.01563347317278385,11.330450057983398,23.25111961364746,0.1407223790884018,0.1643478274345398,41.229183197021484,0.015176107175648212,11.62700366973877
108,22.537874221801758,0.14300410449504852,0.16322006285190582,37.87698745727539,0.015194021165370941,11.270553588867188,22.351627349853516,0.13839732110500336,0.16368286311626434,40.64424514770508,0.015148074366152287,11.180828094482422
109,22.738351821899414,0.1428649127483368,0.1635436862707138,37.82097244262695,0.01496706809848547,11.369260787963867,22.2841854095459,0.1400783658027649,0.163419708609581,41.23804473876953,0.013841122388839722,11.149417877197266
110,22.35731315612793,0.142048180103302,0.1628580540418625,37.84395217895508,0.015003439038991928,11.180852890014648,22.39480972290039,0.13853871822357178,0.16322821378707886,40.59296417236328,0.01648281142115593,11.202040672302246
111,22.3469181060791,0.1422092318534851,0.16324664652347565,37.74277877807617,0.015366999432444572,11.175630569458008,21.848281860351562,0.1373695284128189,0.16290266811847687,40.97504806518555,0.014564511366188526,10.932440757751465
112,22.176952362060547,0.14124277234077454,0.16306191682815552,37.733924865722656,0.014629987999796867,11.09121322631836,21.912199020385742,0.13592936098575592,0.16354624927043915,40.315521240234375,0.015860341489315033,10.962088584899902
113,21.92075538635254,0.14074626564979553,0.16343098878860474,37.470550537109375,0.01474248431622982,10.964034080505371,21.678483963012695,0.13437455892562866,0.16423089802265167,40.2626953125,0.015867844223976135,10.845849990844727
114,21.68012046813965,0.1403742879629135,0.16285443305969238,37.5024299621582,0.01466170884668827,10.845105171203613,21.965858459472656,0.13457468152046204,0.16493962705135345,39.95293426513672,0.014373638667166233,10.987248420715332
115,21.952098846435547,0.14066636562347412,0.16323135793209076,37.56365203857422,0.014248277992010117,10.979555130004883,22.00709342956543,0.13581499457359314,0.16463014483451843,39.70731735229492,0.015479550696909428,11.007734298706055
116,21.89639663696289,0.14013339579105377,0.163181334733963,37.49102020263672,0.014416495338082314,10.951744079589844,21.868982315063477,0.13681267201900482,0.1636524647474289,40.93635940551758,0.01487125176936388,10.942328453063965
117,21.537822723388672,0.13951407372951508,0.16325326263904572,37.26675033569336,0.014719665981829166,10.774042129516602,21.634553909301758,0.13514533638954163,0.16343377530574799,40.8350944519043,0.014969680458307266,10.825596809387207
118,21.562564849853516,0.14027343690395355,0.16351532936096191,37.16016387939453,0.014693879522383213,10.786375999450684,22.21957778930664,0.13679853081703186,0.16570308804512024,40.470829010009766,0.014753591269254684,11.11450481414795
119,21.413665771484375,0.1395605206489563,0.1638978272676468,37.19479751586914,0.01457890309393406,10.712553024291992,21.308645248413086,0.1347106397151947,0.16366040706634521,40.64338684082031,0.01477143820375204,10.664102554321289
120,21.21943473815918,0.1393304020166397,0.16349807381629944,37.35985565185547,0.014772506430745125,10.616917610168457,22.205610275268555,0.14156609773635864,0.16467049717903137,39.514278411865234,0.015236176550388336,11.108182907104492
121,21.18449592590332,0.13938353955745697,0.16371940076351166,37.035301208496094,0.014911198988556862,10.599068641662598,20.758914947509766,0.13628996908664703,0.16404280066490173,40.255943298339844,0.016029736027121544,10.392814636230469
122,21.07706642150879,0.13983124494552612,0.16479268670082092,37.41446304321289,0.01502719521522522,10.547000885009766,20.81196403503418,0.13365063071250916,0.16471178829669952,40.05550765991211,0.01602580025792122,10.417449951171875
123,21.11839485168457,0.1392098367214203,0.163658007979393,37.24277877807617,0.015091905370354652,10.566781997680664,21.164386749267578,0.1334071010351181,0.1644030511379242,39.8851432800293,0.016173936426639557,10.590879440307617
124,20.899356842041016,0.13874852657318115,0.16345593333244324,37.1653938293457,0.01507912389934063,10.458292007446289,20.62432861328125,0.13607732951641083,0.16521401703357697,40.08084487915039,0.015577206388115883,10.326019287109375
125,20.751779556274414,0.13758811354637146,0.16352695226669312,37.283287048339844,0.014772954396903515,10.385090827941895,20.527498245239258,0.1338665634393692,0.16453233361244202,40.585227966308594,0.015073825605213642,10.278032302856445
126,20.704116821289062,0.1371203064918518,0.16356061398983002,37.16953659057617,0.014965321868658066,10.361054420471191,20.895610809326172,0.13184411823749542,0.16467680037021637,39.9026985168457,0.01572047360241413,10.457484245300293
127,20.50147247314453,0.13691945374011993,0.16358131170272827,37.0511360168457,0.015148160047829151,10.2606840133667,20.441539764404297,0.1314024031162262,0.1643250286579132,39.972190856933594,0.016442744061350822,10.233260154724121
128,20.578828811645508,0.13783083856105804,0.16461452841758728,36.973960876464844,0.015380543656647205,10.299210548400879,20.618986129760742,0.13573411107063293,0.16520293056964874,39.81793212890625,0.015454301610589027,10.32274055480957
129,20.548118591308594,0.1373245120048523,0.16380929946899414,36.97014617919922,0.015108819119632244,10.28376579284668,22.441349029541016,0.15928994119167328,0.16592024266719818,40.44084167480469,0.016669733449816704,11.235074996948242
130,20.591915130615234,0.13738682866096497,0.16328023374080658,37.083133697509766,0.015480449423193932,10.305665016174316,20.042211532592773,0.13557738065719604,0.16389450430870056,40.41670227050781,0.01509809959679842,10.039060592651367
131,20.30227279663086,0.13755622506141663,0.16313131153583527,36.91122817993164,0.015460114926099777,10.162440299987793,20.19589614868164,0.13295648992061615,0.16390015184879303,39.40528106689453,0.016971886157989502,10.111723899841309
132,20.272884368896484,0.1374589055776596,0.1632850617170334,36.801780700683594,0.01505699660629034,10.147703170776367,22.123126983642578,0.15612326562404633,0.16540715098381042,39.6480712890625,0.015594791620969772,11.074941635131836
133,20.00919532775879,0.13603754341602325,0.1632189154624939,37.061737060546875,0.015249598771333694,10.017318725585938,19.802879333496094,0.13655520975589752,0.16444595158100128,40.040191650390625,0.016679374501109123,9.920683860778809
134,19.99931526184082,0.13642676174640656,0.16319285333156586,37.042781829833984,0.015384807251393795,10.012612342834473,19.811885833740234,0.13415515422821045,0.1651083528995514,39.873600006103516,0.017118064686655998,9.92363166809082
135,19.861034393310547,0.136568084359169,0.16344772279262543,36.907169342041016,0.01601138524711132,9.944145202636719,19.816431045532227,0.1387852132320404,0.1639472097158432,39.8503532409668,0.014895276166498661,9.92809772491455
136,19.578075408935547,0.1363667994737625,0.16351690888404846,36.966163635253906,0.014840874820947647,9.804527282714844,19.449068069458008,0.13119088113307953,0.16402043402194977,39.8277587890625,0.015473597683012486,9.742936134338379
137,19.790998458862305,0.13644711673259735,0.1631230264902115,36.925621032714844,0.015127633698284626,9.909571647644043,19.578048706054688,0.13362494111061096,0.1639547049999237,39.736793518066406,0.015242034569382668,9.807680130004883
138,19.585811614990234,0.13603739440441132,0.16303810477256775,36.73165512084961,0.0150075014680624,9.8077392578125,20.358943939208984,0.14807340502738953,0.16380365192890167,39.363399505615234,0.015384606085717678,10.199557304382324
139,19.512624740600586,0.13562820851802826,0.16311804950237274,36.81953048706055,0.014938795007765293,9.771526336669922,20.226818084716797,0.1334717869758606,0.16396604478359222,39.2930908203125,0.015491911210119724,10.127096176147461
140,19.338899612426758,0.13540160655975342,0.1631854623556137,36.645545959472656,0.014975386671721935,9.685372352600098,19.78722381591797,0.1305270940065384,0.16432149708271027,39.55316925048828,0.015119875781238079,9.909038543701172
141,19.310293197631836,0.13507749140262604,0.1631578505039215,36.61276626586914,0.015037473291158676,9.671004295349121,19.821575164794922,0.1343279480934143,0.16297391057014465,39.39052200317383,0.01548000704497099,9.927680969238281
142,19.396432876586914,0.1351490616798401,0.16314084827899933,36.56013488769531,0.01487263198941946,9.71351146697998,19.287797927856445,0.13474202156066895,0.16425977647304535,40.05198287963867,0.013616669923067093,9.665497779846191
143,19.191368103027344,0.13487020134925842,0.1634535789489746,36.77089309692383,0.014996030367910862,9.612502098083496,20.809144973754883,0.146480992436409,0.16558794677257538,39.57905960083008,0.0136385103687644,10.421463966369629
144,19.20180892944336,0.13462679088115692,0.16328494250774384,36.976932525634766,0.014847422949969769,9.617950439453125,19.02142333984375,0.13111042976379395,0.16415584087371826,39.68970489501953,0.01521571446210146,9.531656265258789
145,19.068330764770508,0.13488952815532684,0.1633846014738083,36.53504180908203,0.015261202119290829,9.551362991333008,19.023273468017578,0.12965533137321472,0.1638900488615036,39.43524932861328,0.015735622495412827,9.531360626220703
146,19.005359649658203,0.13485178351402283,0.16348141431808472,36.66685485839844,0.0156258437782526,9.520483016967773,19.786916732788086,0.14172448217868805,0.16510602831840515,38.98230743408203,0.015559276565909386,9.913372039794922
147,18.916385650634766,0.1334933191537857,0.16292302310466766,36.50688171386719,0.015683995559811592,9.475576400756836,19.658884048461914,0.12875500321388245,0.16402944922447205,38.6682014465332,0.01707547903060913,9.843222618103027
148,18.801414489746094,0.13375075161457062,0.16320021450519562,36.5351448059082,0.01549123227596283,9.41905689239502,18.919601440429688,0.13957001268863678,0.16427010297775269,39.9457893371582,0.014142690226435661,9.486021041870117
149,18.690401077270508,0.13335229456424713,0.16333512961864471,36.39979934692383,0.01579117961227894,9.36381721496582,18.773347854614258,0.1318901777267456,0.16386014223098755,39.09016036987305,0.01830591820180416,9.408453941345215
150,18.652639389038086,0.1339617818593979,0.1632986217737198,36.50503921508789,0.015118646435439587,9.345622062683105,18.678117752075195,0.12932033836841583,0.1642719805240631,39.0871696472168,0.016484152525663376,9.360160827636719
151,18.74078941345215,0.13318613171577454,0.16303449869155884,36.332149505615234,0.015483489260077477,9.388428688049316,18.674854278564453,0.13487090170383453,0.1647453010082245,39.2337646484375,0.015565923415124416,9.36153507232666
152,18.545093536376953,0.13283288478851318,0.16303445398807526,36.24286651611328,0.01556473784148693,9.291459083557129,18.5716609954834,0.13054996728897095,0.16406825184822083,38.908756256103516,0.017907144501805305,9.307931900024414
153,18.42287254333496,0.13335542380809784,0.16321340203285217,36.26695251464844,0.015584025532007217,9.231484413146973,19.049257278442383,0.1303967386484146,0.16427293419837952,38.9716911315918,0.015840541571378708,9.543664932250977
154,18.581411361694336,0.13271890580654144,0.16273252665996552,36.22247314453125,0.015554985962808132,9.309293746948242,18.94211769104004,0.13077591359615326,0.163715660572052,39.03548049926758,0.015380701050162315,9.491043090820312
155,18.616146087646484,0.1336302012205124,0.1628364771604538,36.44125747680664,0.016007473692297935,9.327281951904297,18.30514144897461,0.13069283962249756,0.16315624117851257,38.80550003051758,0.01672901213169098,9.176156044006348
156,18.290340423583984,0.1334063857793808,0.1628173142671585,36.3509635925293,0.016152365133166313,9.16620922088623,19.63433837890625,0.14421488344669342,0.16414806246757507,38.872135162353516,0.015622611157596111,9.839092254638672
157,18.20429229736328,0.13296754658222198,0.16259750723838806,36.32642364501953,0.016360867768526077,9.123479843139648,18.680356979370117,0.12838251888751984,0.16318379342556,38.442543029785156,0.01916475035250187,9.359602928161621
158,18.370569229125977,0.1326485425233841,0.16264085471630096,36.11991882324219,0.016237087547779083,9.20498275756836,18.23043441772461,0.1273881494998932,0.16343112289905548,38.68561935424805,0.016493894159793854,9.13747787475586
159,18.2191104888916,0.1333848536014557,0.1627468317747116,36.283233642578125,0.016312485560774803,9.130946159362793,18.434988021850586,0.13006901741027832,0.16332358121871948,38.91081237792969,0.017445238307118416,9.240229606628418
160,17.930980682373047,0.13238169252872467,0.16288137435913086,36.207557678222656,0.016290083527565002,8.988104820251465,17.93720245361328,0.12665140628814697,0.16309083998203278,38.573360443115234,0.019495489075779915,8.992205619812012
161,17.984607696533203,0.13275937736034393,0.1641034036874771,36.64500427246094,0.016077017411589622,9.015534400939941,18.085105895996094,0.1284964382648468,0.1640121042728424,39.69336700439453,0.016175609081983566,9.068135261535645
162,17.99736213684082,0.13186566531658173,0.163259819149971,35.981964111328125,0.016723178327083588,9.020115852355957,17.91274070739746,0.12928703427314758,0.16300871968269348,38.55295944213867,0.0190738495439291,8.981415748596191
163,17.722997665405273,0.13189762830734253,0.16253498196601868,36.204429626464844,0.01692323200404644,8.885205268859863,18.645360946655273,0.13446791470050812,0.16341979801654816,38.62370681762695,0.016476750373840332,9.345674514770508
164,17.800527572631836,0.13138435781002045,0.16283617913722992,35.98906326293945,0.01714845560491085,8.9227933883667,17.714982986450195,0.13101042807102203,0.1644502878189087,38.876426696777344,0.016392115503549576,8.885163307189941
165,17.747926712036133,0.13177691400051117,0.1630443036556244,36.02452087402344,0.017698859795928,8.897059440612793,17.739871978759766,0.12617284059524536,0.16411393880844116,38.10987091064453,0.02100110612809658,8.8937349319458
166,17.867185592651367,0.13132178783416748,0.1626024842262268,35.85116958618164,0.017710456624627113,8.95532512664795,17.784940719604492,0.12842108309268951,0.1640738695859909,38.34865951538086,0.02181491069495678,8.917487144470215
167,17.874187469482422,0.1317058801651001,0.16197988390922546,35.796119689941406,0.017358606681227684,8.958884239196777,18.892038345336914,0.1300574690103531,0.16406679153442383,38.63845443725586,0.017378762364387512,9.465240478515625
168,17.6762752532959,0.13125115633010864,0.1646292358636856,35.99652099609375,0.017804380506277084,8.861382484436035,18.557252883911133,0.12526899576187134,0.16232044994831085,37.9691047668457,0.020967721939086914,9.296467781066895
169,17.55335235595703,0.13052499294281006,0.16219204664230347,35.895633697509766,0.018313508480787277,8.800116539001465,19.368694305419922,0.14101199805736542,0.16350357234477997,38.317256927490234,0.018308766186237335,9.705377578735352
170,17.50298500061035,0.1306775063276291,0.1621074676513672,35.70440673828125,0.018041197210550308,8.775014877319336,17.686668395996094,0.12803791463375092,0.1631595492362976,38.388729095458984,0.021379299461841583,8.868783950805664
171,17.362369537353516,0.13059817254543304,0.162230983376503,35.76848602294922,0.018164273351430893,8.705643653869629,17.171581268310547,0.12540476024150848,0.1628134399652481,38.684139251708984,0.01970010995864868,8.613776206970215
172,17.57203483581543,0.13141940534114838,0.16203150153160095,35.750858306884766,0.018469052389264107,8.80947208404541,17.30586814880371,0.1256648749113083,0.16326364874839783,38.878719329833984,0.01906258799135685,8.680570602416992
173,17.395183563232422,0.13114815950393677,0.16177189350128174,35.751163482666016,0.01845124363899231,8.722085952758789,17.581369400024414,0.13165512681007385,0.1625068187713623,38.32075881958008,0.01812082901597023,8.818467140197754
174,17.34138298034668,0.13102424144744873,0.16173765063285828,35.58722686767578,0.01830883137881756,8.695161819458008,17.315649032592773,0.12674005329608917,0.1628185659646988,38.39333724975586,0.01964166946709156,8.685060501098633
175,17.337520599365234,0.1304272711277008,0.16157950460910797,35.570884704589844,0.018407084047794342,8.692858695983887,17.215240478515625,0.1255776584148407,0.16293475031852722,38.26033020019531,0.02049512043595314,8.634632110595703
176,17.38553810119629,0.1301731914281845,0.16145333647727966,35.68952560424805,0.01819734275341034,8.71673583984375,17.23033332824707,0.1244727075099945,0.16203035414218903,38.162166595458984,0.0201433002948761,8.641388893127441
177,17.058815002441406,0.12997573614120483,0.1614512950181961,35.9167594909668,0.019130920991301537,8.555830001831055,17.224945068359375,0.12653176486492157,0.16248303651809692,38.43070602416992,0.019637996330857277,8.640237808227539
178,17.076990127563477,0.1302352100610733,0.16146326065063477,35.68595886230469,0.019671769812703133,8.564440727233887,17.3011531829834,0.12678956985473633,0.16252323985099792,37.80573654174805,0.021214671432971954,8.676873207092285
179,17.004924774169922,0.12973828613758087,0.16166017949581146,35.467159271240234,0.018692852929234505,8.52824878692627,17.777950286865234,0.13899573683738708,0.16317671537399292,38.295040130615234,0.020001480355858803,8.919119834899902
180,16.946462631225586,0.129364475607872,0.1614498645067215,35.62245178222656,0.018631430342793465,8.499454498291016,17.0718936920166,0.12440066039562225,0.16231879591941833,38.5135383605957,0.01866641268134117,8.563788414001465
181,17.102218627929688,0.12981738150119781,0.16126348078250885,35.6273078918457,0.01893695257604122,8.57659912109375,17.996868133544922,0.13029560446739197,0.16320261359214783,38.01205062866211,0.020757146179676056,9.022359848022461
182,16.979400634765625,0.12955351173877716,0.16132988035678864,35.677494049072266,0.01917698048055172,8.515970230102539,17.135799407958984,0.12785550951957703,0.1616731584072113,38.23298263549805,0.0198380034416914,8.59656810760498
183,16.94866180419922,0.1299196183681488,0.16139459609985352,35.65132522583008,0.019074754789471626,8.500889778137207,17.651029586791992,0.12641671299934387,0.16259416937828064,38.02928924560547,0.02005976252257824,8.849796295166016
184,16.925193786621094,0.13017266988754272,0.161320298910141,35.75541687011719,0.019940368831157684,8.48962688446045,17.136394500732422,0.12686443328857422,0.16183345019817352,37.91030502319336,0.0228000245988369,8.595709800720215
185,16.76207160949707,0.12938743829727173,0.16100184619426727,35.74279022216797,0.01926250569522381,8.408656120300293,16.555805206298828,0.12619784474372864,0.16205793619155884,38.24209976196289,0.01976236142218113,8.30938720703125
186,17.01458168029785,0.1301898956298828,0.16061049699783325,35.53279495239258,0.01945190131664276,8.533291816711426,17.95045280456543,0.13996435701847076,0.16289947926998138,38.749820709228516,0.020778771489858627,9.005599021911621
187,16.66978645324707,0.12931491434574127,0.16148175299167633,35.83118438720703,0.019725000485777855,8.363277435302734,16.759336471557617,0.12441279739141464,0.16207554936408997,38.3026008605957,0.018854614347219467,8.409099578857422
188,16.752283096313477,0.12868435680866241,0.16237801313400269,35.4700927734375,0.01936979964375496,8.403010368347168,16.535154342651367,0.12484681606292725,0.1611950546503067,37.7138786315918,0.024116026237607002,8.297585487365723
189,16.757539749145508,0.1286429762840271,0.16060519218444824,35.48246383666992,0.01978164352476597,8.4056396484375,16.515657424926758,0.12547345459461212,0.16141431033611298,38.10356521606445,0.02025299333035946,8.288956642150879
190,16.560611724853516,0.12920092046260834,0.16174691915512085,35.47368621826172,0.018777552992105484,8.308602333068848,16.867395401000977,0.12735049426555634,0.16163738071918488,37.705970764160156,0.022578783333301544,8.462834358215332
191,16.701416015625,0.12913495302200317,0.16082806885242462,35.212242126464844,0.01945921964943409,8.377592086791992,16.865901947021484,0.12390325218439102,0.16132327914237976,37.72581100463867,0.021220633760094643,8.460410118103027
192,16.6463623046875,0.12901833653450012,0.1616298109292984,35.444610595703125,0.019669830799102783,8.350805282592773,16.653406143188477,0.12323478609323502,0.16091421246528625,37.80271530151367,0.021193066611886024,8.3553466796875
193,16.445085525512695,0.12880699336528778,0.1611562967300415,35.326576232910156,0.01960781216621399,8.251142501831055,16.240741729736328,0.12396640330553055,0.1613193303346634,37.907222747802734,0.021445469930768013,8.152125358581543
194,16.5565185546875,0.12884706258773804,0.16081586480140686,35.403873443603516,0.019826563075184822,8.306326866149902,16.586694717407227,0.12449232488870621,0.16132041811943054,37.581077575683594,0.02507910691201687,8.32262134552002
195,16.341571807861328,0.12832869589328766,0.16056938469409943,35.40195083618164,0.01963302120566368,8.199945449829102,16.183269500732422,0.12211586534976959,0.16108043491840363,38.147010803222656,0.02252798341214657,8.123350143432617
196,16.330596923828125,0.12810972332954407,0.16056562960147858,35.31493377685547,0.019844606518745422,8.194230079650879,17.021726608276367,0.12342417240142822,0.1606268584728241,37.567752838134766,0.02252250909805298,8.536741256713867
197,16.278432846069336,0.12853524088859558,0.16105416417121887,35.477394104003906,0.020114053040742874,8.169004440307617,16.672922134399414,0.12263644486665726,0.16121815145015717,37.73195266723633,0.022047780454158783,8.364516258239746
198,16.40672492980957,0.12722547352313995,0.16027361154556274,35.2740478515625,0.019802989438176155,8.231322288513184,16.81264305114746,0.1292133331298828,0.16135062277317047,38.031681060791016,0.017857413738965988,8.437267303466797
199,16.279033660888672,0.1277836710214615,0.16066008806228638,35.191429138183594,0.019872525706887245,8.168392181396484,16.958791732788086,0.13028106093406677,0.1612619012594223,37.87904739379883,0.019756052643060684,8.509600639343262
200,16.387813568115234,0.12751589715480804,0.16032937169075012,35.28163528442383,0.019707173109054565,8.22211742401123,16.411588668823242,0.12560731172561646,0.1608380228281021,38.16598892211914,0.02025909163057804,8.237762451171875
201,16.30007553100586,0.12789885699748993,0.16007377207279205,35.42105484008789,0.01952090486884117,8.179241180419922,16.11199378967285,0.12275265902280807,0.1606632024049759,37.86250305175781,0.01976374350488186,8.08787727355957
202,16.169620513916016,0.12750953435897827,0.15981201827526093,35.21365737915039,0.01991007663309574,8.114249229431152,17.24302864074707,0.13270853459835052,0.16130276024341583,37.78445053100586,0.02028719149529934,8.6510009765625
203,16.189281463623047,0.13170762360095978,0.16059653460979462,35.198890686035156,0.020029015839099884,8.126054763793945,16.273611068725586,0.12975342571735382,0.16169360280036926,37.244651794433594,0.020435499027371407,8.17008113861084
204,16.077207565307617,0.12743446230888367,0.16034898161888123,34.95573806762695,0.02047969028353691,8.06815242767334,15.940963745117188,0.12201175093650818,0.16087834537029266,37.822181701660156,0.020273547619581223,8.003053665161133
205,16.138254165649414,0.12798188626766205,0.16001686453819275,35.0715217590332,0.01999252289533615,8.098760604858398,16.22968292236328,0.13227063417434692,0.1612536460161209,37.50738525390625,0.019775889813899994,8.150132179260254
206,16.08429718017578,0.12762360274791718,0.16200165450572968,35.04220962524414,0.019994715228676796,8.071897506713867,16.996177673339844,0.12416353821754456,0.1610584557056427,37.789161682128906,0.020448878407478333,8.524923324584961
207,15.925745964050293,0.12671689689159393,0.16052551567554474,35.048709869384766,0.019311031326651573,7.993194580078125,16.082008361816406,0.12232448160648346,0.1603795439004898,37.575164794921875,0.0195778701454401,8.072409629821777
208,15.931360244750977,0.12700040638446808,0.1602587103843689,34.94158935546875,0.019809942692518234,7.995956897735596,15.767410278320312,0.12238381057977676,0.16045625507831573,37.97776794433594,0.01971571519970894,7.917848110198975
209,16.10277557373047,0.12730582058429718,0.1599435657262802,34.95901107788086,0.019600318744778633,8.080686569213867,16.60633087158203,0.14420369267463684,0.16065406799316406,38.44038391113281,0.01770509034395218,8.343628883361816
210,16.0865421295166,0.12794797122478485,0.16053909063339233,35.246925354003906,0.01997714303433895,8.073582649230957,16.098236083984375,0.12380777299404144,0.16082386672496796,37.21371841430664,0.02234673500061035,8.080540657043457
211,15.860427856445312,0.12680737674236298,0.16060438752174377,35.20444869995117,0.019771119579672813,7.961320400238037,15.747151374816895,0.12591701745986938,0.16042554378509521,37.68193817138672,0.019026631489396095,7.9090800285339355
212,15.903738975524902,0.12650229036808014,0.159890279173851,35.07058334350586,0.01940145157277584,7.982295989990234,16.379352569580078,0.12206685543060303,0.16017501056194305,37.553836822509766,0.02653251774609089,8.219104766845703
213,15.926409721374512,0.12739905714988708,0.16086332499980927,35.26094055175781,0.019121209159493446,7.994226932525635,16.115942001342773,0.12165892869234085,0.16026677191257477,37.78467559814453,0.020308073610067368,8.089205741882324
214,15.806385040283203,0.12581925094127655,0.15968498587608337,35.160560607910156,0.019332708790898323,7.934043884277344,15.633987426757812,0.12230253964662552,0.16002944111824036,37.3282470703125,0.02185788005590439,7.850761890411377
215,15.748845100402832,0.12635250389575958,0.1598888635635376,35.287139892578125,0.019853003323078156,7.906222343444824,16.030519485473633,0.12343357503414154,0.16053491830825806,37.372474670410156,0.0202169232070446,8.047185897827148
216,15.734463691711426,0.126087486743927,0.1598670929670334,34.99994659423828,0.019455814734101295,7.898372173309326,15.737927436828613,0.12631770968437195,0.16123902797698975,37.859405517578125,0.01786220818758011,7.905048370361328
217,15.755044937133789,0.12638045847415924,0.15973666310310364,35.106605529785156,0.01970434933900833,7.908897399902344,16.372060775756836,0.12038478255271912,0.16105341911315918,37.49020004272461,0.020265258848667145,8.21449089050293
218,15.762373924255371,0.12629470229148865,0.16015927493572235,34.873199462890625,0.019287554547190666,7.912026405334473,15.929582595825195,0.12162760645151138,0.1599612683057785,37.02654266357422,0.02385968528687954,7.995859146118164
219,15.63970947265625,0.12640994787216187,0.1594792902469635,34.95197677612305,0.019597455859184265,7.851684093475342,15.754118919372559,0.12742778658866882,0.16108892858028412,37.78413391113281,0.019824786111712456,7.913430690765381
220,15.613862037658691,0.1261480152606964,0.15968474745750427,35.024314880371094,0.019675618037581444,7.838959217071533,15.85444450378418,0.12491181492805481,0.16061823070049286,38.0710563659668,0.01822499744594097,7.962255001068115
221,15.530059814453125,0.1251630336046219,0.15942814946174622,35.02523422241211,0.01944045163691044,7.7970805168151855,16.604162216186523,0.12129781395196915,0.16049954295158386,37.31591033935547,0.020512400195002556,8.329133987426758
222,15.674403190612793,0.12605874240398407,0.15984298288822174,35.00290298461914,0.018878037109971046,7.868750095367432,15.978132247924805,0.12090373039245605,0.16019366681575775,37.30569076538086,0.020991560071706772,8.019919395446777
223,15.566293716430664,0.12659671902656555,0.15967699885368347,35.041748046875,0.019139444455504417,7.815703868865967,15.52797794342041,0.12331100553274155,0.15982720255851746,36.95114517211914,0.023385344073176384,7.798308849334717
224,15.413177490234375,0.1250177025794983,0.15961264073848724,34.89680480957031,0.01879197545349598,7.739056587219238,15.30730152130127,0.12151454389095306,0.15968361496925354,37.595909118652344,0.018681123852729797,7.68961238861084
225,15.505169868469238,0.12564527988433838,0.15921318531036377,34.998069763183594,0.019040051847696304,7.784970760345459,15.5369873046875,0.12204847484827042,0.15952709317207336,37.277122497558594,0.021058613434433937,7.802704334259033
226,15.428174018859863,0.12550559639930725,0.1595032811164856,34.93096923828125,0.018993621692061424,7.746752738952637,15.751965522766113,0.12020806968212128,0.15991972386837006,36.9965934753418,0.020170923322439194,7.907378673553467
227,15.457636833190918,0.12540411949157715,0.1599055975675583,34.79396438598633,0.018850117921829224,7.7609124183654785,15.996393203735352,0.1280088573694229,0.15994179248809814,37.26548385620117,0.018564986065030098,8.032395362854004
228,15.434407234191895,0.12550589442253113,0.1601373851299286,35.09965515136719,0.018855594098567963,7.7501912117004395,15.803923606872559,0.11978040635585785,0.15894591808319092,37.049041748046875,0.023261358961462975,7.9329376220703125
229,15.358941078186035,0.1252010464668274,0.1589347869157791,34.921268463134766,0.018122849985957146,7.712378025054932,15.404712677001953,0.12076893448829651,0.15977591276168823,37.18016815185547,0.018967172130942345,7.736577033996582
230,15.413322448730469,0.1253487467765808,0.15906548500061035,35.02339553833008,0.018724139779806137,7.739558219909668,16.58409881591797,0.12641501426696777,0.1594637781381607,37.2190055847168,0.020740335807204247,8.321634292602539
231,15.28622817993164,0.12530504167079926,0.15904785692691803,34.87535858154297,0.01935187540948391,7.676451206207275,15.368062973022461,0.12270446866750717,0.159766286611557,36.9803466796875,0.02348802238702774,7.719054222106934
232,15.308316230773926,0.12479797750711441,0.15974409878253937,34.65215301513672,0.019572297111153603,7.686647415161133,16.858728408813477,0.13212057948112488,0.1604568362236023,37.568599700927734,0.019907886162400246,8.460602760314941
233,15.399764060974121,0.12400972843170166,0.1591472029685974,34.686920166015625,0.018707221373915672,7.731517314910889,15.18481731414795,0.12365175038576126,0.1592729687690735,36.99022674560547,0.022152941673994064,7.629141807556152
234,15.326979637145996,0.12461366504430771,0.15911853313446045,34.87062454223633,0.01849968172609806,7.696233749389648,17.88897705078125,0.12575340270996094,0.16074199974536896,36.80284118652344,0.021784299984574318,8.96461296081543
235,15.33979320526123,0.12496230751276016,0.15924710035324097,34.79531478881836,0.01904916949570179,7.7025957107543945,15.528044700622559,0.1217159703373909,0.15907379984855652,37.009273529052734,0.020300768315792084,7.797664642333984
236,15.235454559326172,0.12469639629125595,0.15917694568634033,34.823299407958984,0.01894346997141838,7.6509904861450195,15.204442024230957,0.12030071765184402,0.15943799912929535,36.93848419189453,0.026813188567757607,7.637066841125488
237,15.231704711914062,0.12456389516592026,0.15873093903064728,34.8812141418457,0.019356122240424156,7.649240493774414,15.269674301147461,0.11990227550268173,0.1602741926908493,37.416542053222656,0.01897840015590191,7.66983699798584
238,15.24842357635498,0.1247885525226593,0.15915632247924805,34.69338607788086,0.0188023429363966,7.657177448272705,15.625694274902344,0.13129422068595886,0.15975122153759003,37.6587028503418,0.017950935289263725,7.851702690124512
239,15.185029983520508,0.12574966251850128,0.1594287008047104,34.77690887451172,0.01879914104938507,7.626542568206787,15.068788528442383,0.11987245082855225,0.15904183685779572,37.5371208190918,0.021012770012021065,7.571038722991943
240,15.091157913208008,0.1245635598897934,0.1592165231704712,34.902854919433594,0.019053196534514427,7.579899787902832,15.164811134338379,0.12370675802230835,0.15935258567333221,36.72233963012695,0.02249959297478199,7.6188554763793945
241,15.116216659545898,0.12424907833337784,0.15873576700687408,34.96236038208008,0.01882794126868248,7.592154502868652,16.124893188476562,0.12177705019712448,0.1604813188314438,37.590248107910156,0.017493117600679398,8.093317985534668
242,15.125944137573242,0.12420699745416641,0.15946336090564728,34.77705764770508,0.01863073743879795,7.596692085266113,15.000256538391113,0.12131638824939728,0.15958327054977417,37.31724166870117,0.01912667602300644,7.537419319152832
243,15.157048225402832,0.12437174469232559,0.15943987667560577,34.7650146484375,0.01854793168604374,7.612028121948242,15.77607536315918,0.12557370960712433,0.1591069996356964,36.93212127685547,0.019946100190281868,7.921847820281982
244,15.103227615356445,0.12440025061368942,0.15875490009784698,34.53074264526367,0.018494507297873497,7.58501672744751,15.923725128173828,0.12116185575723648,0.15942107141017914,37.22215270996094,0.019781790673732758,7.993033409118652
245,15.048457145690918,0.12428539991378784,0.15891993045806885,34.92123794555664,0.018432050943374634,7.5586628913879395,15.22414779663086,0.11990558356046677,0.15885524451732635,36.79606246948242,0.020008955150842667,7.646289348602295
246,15.043670654296875,0.12397115677595139,0.1587994247674942,34.633827209472656,0.01824965514242649,7.555574893951416,15.301690101623535,0.11799211800098419,0.15957975387573242,37.01088333129883,0.02204197645187378,7.6840410232543945
247,14.98449993133545,0.12375228852033615,0.1586366593837738,34.8160514831543,0.018605561926960945,7.526620388031006,15.676877975463867,0.11870770901441574,0.15925514698028564,36.9112434387207,0.018903212621808052,7.8693766593933105
248,14.989551544189453,0.12403914332389832,0.15946902334690094,34.58998107910156,0.018429486081004143,7.528872489929199,15.151697158813477,0.12252852320671082,0.15952184796333313,37.54690170288086,0.0187514740973711,7.613215446472168
249,14.999496459960938,0.12440042197704315,0.1590558886528015,34.62562942504883,0.01878209412097931,7.533951282501221,15.400453567504883,0.11926794797182083,0.15908099710941315,36.93136978149414,0.022126661613583565,7.733290672302246
250,14.93160629272461,0.12491340190172195,0.15978161990642548,34.64823532104492,0.018905626609921455,7.500824928283691,15.706981658935547,0.13546308875083923,0.15906955301761627,37.541866302490234,0.017754843458533287,7.8936767578125
251,14.93738842010498,0.12469936162233353,0.15861213207244873,34.56175231933594,0.01844390481710434,7.503405570983887,15.722402572631836,0.1228744313120842,0.1584586799144745,36.84947967529297,0.021936027333140373,7.893886089324951
252,15.069482803344727,0.12503930926322937,0.15907388925552368,34.686737060546875,0.01849515177309513,7.568957328796387,14.934149742126465,0.11997173726558685,0.15876267850399017,36.854408264160156,0.021648475900292397,7.503348350524902
253,14.776063919067383,0.12294548004865646,0.15857650339603424,34.477378845214844,0.01830846443772316,7.4227705001831055,15.103731155395508,0.12069997191429138,0.15984183549880981,37.00463104248047,0.01909806951880455,7.587597370147705
254,14.867650032043457,0.12365405261516571,0.15910963714122772,34.65027618408203,0.018421443179249763,7.468604564666748,15.656180381774902,0.12369374185800552,0.15960624814033508,37.3210334777832,0.016396399587392807,7.862370491027832
255,14.860888481140137,0.12442447990179062,0.1590036302804947,34.652122497558594,0.018248816952109337,7.465625762939453,15.833474159240723,0.12982511520385742,0.1594536304473877,37.07304382324219,0.018253840506076813,7.952433109283447
256,14.815397262573242,0.1235840916633606,0.15826821327209473,34.8116340637207,0.01829613745212555,7.443048477172852,14.85962200164795,0.12342174351215363,0.15987227857112885,36.650238037109375,0.025515561923384666,7.467897891998291
257,14.767714500427246,0.12372998148202896,0.15853461623191833,34.6809196472168,0.01841031387448311,7.419382572174072,14.661999702453613,0.11984250694513321,0.15937013924121857,37.05117416381836,0.019728949293494225,7.369237422943115
258,14.792718887329102,0.12451385706663132,0.1587129831314087,34.57913589477539,0.018589859828352928,7.431934356689453,14.79589557647705,0.1221960261464119,0.1593540757894516,37.03136444091797,0.027379391714930534,7.436509132385254
259,14.859463691711426,0.12458442896604538,0.15809330344200134,34.52348327636719,0.0180816650390625,7.464799404144287,15.765260696411133,0.12376575917005539,0.15984749794006348,37.77238082885742,0.017183391377329826,7.91707706451416
260,14.751873970031738,0.12533383071422577,0.15882889926433563,34.68183135986328,0.01825093664228916,7.412387371063232,15.022759437561035,0.11927293986082077,0.15863628685474396,37.40890884399414,0.017416026443243027,7.54768180847168
261,14.933829307556152,0.12485895305871964,0.15877890586853027,34.48600769042969,0.017975512892007828,7.5015459060668945,16.30536651611328,0.12157051265239716,0.15791328251361847,36.44697570800781,0.016954898834228516,8.18016529083252
262,14.718820571899414,0.12390897423028946,0.1583566516637802,34.53246307373047,0.01768156699836254,7.395073413848877,14.747255325317383,0.1183471530675888,0.1587873250246048,36.76588821411133,0.019811144098639488,7.4100799560546875
263,14.860574722290039,0.12381923198699951,0.15864378213882446,34.6263427734375,0.01784011721611023,7.465157985687256,15.120830535888672,0.11835575103759766,0.1585603952407837,36.852203369140625,0.020866692066192627,7.594668865203857
264,14.822339057922363,0.12479684501886368,0.1591380089521408,34.797000885009766,0.01747988350689411,7.447107315063477,15.179994583129883,0.11875764280557632,0.1582641899585724,36.82856750488281,0.017561083659529686,7.624017238616943
265,14.793842315673828,0.1229524090886116,0.1585991084575653,34.454505920410156,0.017526591196656227,7.431447505950928,14.720677375793457,0.11893907934427261,0.15871044993400574,36.510868072509766,0.02090870961546898,7.396783351898193
266,14.731929779052734,0.12403351068496704,0.15895022451877594,34.79441452026367,0.017838090658187866,7.402072429656982,15.425724029541016,0.1238393560051918,0.1583898961544037,36.933773040771484,0.019113663583993912,7.747953414916992
267,14.800060272216797,0.12212798744440079,0.15849435329437256,34.4438591003418,0.018006429076194763,7.4341349601745605,14.488630294799805,0.1177731305360794,0.15771766006946564,36.68566131591797,0.020880848169326782,7.2820024490356445
268,14.72384262084961,0.12417786568403244,0.1584291011095047,34.6229133605957,0.01780083030462265,7.397863388061523,15.007233619689941,0.12442194670438766,0.1590164601802826,36.89012908935547,0.018307574093341827,7.54161262512207
269,14.587455749511719,0.12358507513999939,0.15839174389839172,34.47080612182617,0.018620287999510765,7.329949378967285,14.776869773864746,0.11921865493059158,0.15771205723285675,36.757179260253906,0.018244722858071327,7.425132751464844
270,14.66960620880127,0.12338084727525711,0.15841269493103027,34.4948844909668,0.018010955303907394,7.370436668395996,15.051729202270508,0.11952332407236099,0.15824012458324432,36.73341751098633,0.021265950053930283,7.560969352722168
271,14.631204605102539,0.12385635823011398,0.1583212912082672,34.479312896728516,0.01830434799194336,7.351682662963867,14.737569808959961,0.11782913655042648,0.1583026498556137,36.66952133178711,0.020465096458792686,7.404950141906738
272,14.64312744140625,0.12276991456747055,0.15813611447811127,34.31170654296875,0.017864257097244263,7.356740951538086,14.724552154541016,0.11776071041822433,0.15876711905002594,36.811012268066406,0.01745249144732952,7.398602485656738
273,14.514137268066406,0.12290777266025543,0.15795832872390747,34.480567932128906,0.01722419634461403,7.293407917022705,15.544476509094238,0.1325225830078125,0.1587158441543579,36.88490295410156,0.01842620223760605,7.810815811157227
274,14.552897453308105,0.1225905567407608,0.1580166518688202,34.43357849121094,0.017603028565645218,7.31228494644165,15.144796371459961,0.11829839646816254,0.15819361805915833,36.6223258972168,0.018997322767972946,7.606033802032471
275,14.71842098236084,0.12662731111049652,0.1587272584438324,34.52199172973633,0.018007289618253708,7.396146297454834,14.818140983581543,0.12978321313858032,0.15820492804050446,37.06895446777344,0.01801380328834057,7.451264381408691
276,14.572925567626953,0.12299990653991699,0.15820251405239105,34.52888488769531,0.017824454233050346,7.322595596313477,15.118617057800293,0.12126999348402023,0.15797458589076996,36.659446716308594,0.019639024510979652,7.594602108001709
277,14.538809776306152,0.12276493012905121,0.15862861275672913,34.40269088745117,0.017863024026155472,7.305349826812744,14.625158309936523,0.11723288148641586,0.1585172414779663,36.689632415771484,0.01748817414045334,7.349160671234131
278,14.567102432250977,0.12247119843959808,0.15832164883613586,34.3480339050293,0.017854858189821243,7.31915283203125,15.467622756958008,0.1210593655705452,0.15951775014400482,36.512638092041016,0.021716998890042305,7.766607761383057
279,14.380138397216797,0.12237253785133362,0.15836107730865479,34.673954010009766,0.017765585333108902,7.227334976196289,14.364809036254883,0.11672044545412064,0.15779533982276917,36.91745376586914,0.01726115122437477,7.22076416015625
280,14.280119895935059,0.12223608791828156,0.15812064707279205,34.43477249145508,0.017382068559527397,7.17749547958374,15.037647247314453,0.12039139866828918,0.1590404212474823,36.78784942626953,0.017863478511571884,7.554444313049316
281,14.277124404907227,0.12207585573196411,0.15823113918304443,34.380550384521484,0.017117269337177277,7.1758294105529785,14.695274353027344,0.12661099433898926,0.15903997421264648,36.93876647949219,0.017012441530823708,7.388782978057861
282,14.288315773010254,0.12282267957925797,0.15794795751571655,34.42595672607422,0.01753951609134674,7.181779861450195,15.16445255279541,0.12023542821407318,0.15782184898853302,36.79041290283203,0.017504416406154633,7.616939544677734
283,14.272228240966797,0.12278967350721359,0.15834420919418335,34.61763381958008,0.01735663041472435,7.174217700958252,14.28484058380127,0.11779629439115524,0.15868766605854034,37.14006042480469,0.017551494762301445,7.182247638702393
284,14.285062789916992,0.12274396419525146,0.15860861539840698,34.425880432128906,0.01754830777645111,7.180172920227051,14.86775016784668,0.12474718689918518,0.1586623191833496,36.94456100463867,0.017267553135752678,7.472981929779053
285,14.415223121643066,0.12202218919992447,0.15938173234462738,34.10142517089844,0.018334664404392242,7.24346399307251,16.690549850463867,0.1374083161354065,0.15864874422550201,37.23186492919922,0.016168376430869102,8.379530906677246
286,14.210129737854004,0.12236946076154709,0.15900260210037231,34.403194427490234,0.01745424047112465,7.142955780029297,14.939618110656738,0.11839793622493744,0.1586318463087082,36.82154846191406,0.018277255818247795,7.50515079498291
287,14.157120704650879,0.12196741998195648,0.15822955965995789,34.4835319519043,0.017794838175177574,7.1167707443237305,14.783140182495117,0.11785920709371567,0.15844939649105072,36.62641143798828,0.021880047395825386,7.427265167236328
288,14.180316925048828,0.12280353903770447,0.15837836265563965,34.32181930541992,0.017754364758729935,7.128281116485596,14.801887512207031,0.12525266408920288,0.15895962715148926,36.83597183227539,0.016683490946888924,7.44051456451416
289,14.192181587219238,0.12219065427780151,0.1585003137588501,34.38256072998047,0.01752368174493313,7.1339640617370605,14.830138206481934,0.11693792045116425,0.1580679714679718,36.49095916748047,0.019963659346103668,7.449760913848877
290,14.242984771728516,0.1225036010146141,0.15807238221168518,34.46861267089844,0.017221776768565178,7.159358024597168,15.075949668884277,0.11804728209972382,0.15834595263004303,36.460453033447266,0.02013835310935974,7.571587085723877
291,14.166590690612793,0.12209003418684006,0.15800240635871887,34.63035202026367,0.01704808697104454,7.121767044067383,14.729058265686035,0.12067911028862,0.15809789299964905,36.53234100341797,0.018345922231674194,7.40178108215332
292,14.292298316955566,0.1214776411652565,0.15820825099945068,34.50895690917969,0.017101773992180824,7.183229923248291,14.347837448120117,0.12144846469163895,0.15859244763851166,37.21611022949219,0.016733836382627487,7.215189456939697
293,14.250102043151855,0.12168598175048828,0.15864446759223938,34.452457427978516,0.017386483028531075,7.1624345779418945,15.298574447631836,0.11620048433542252,0.15846842527389526,36.4275016784668,0.02041042223572731,7.680474758148193
294,14.188227653503418,0.12148765474557877,0.1581614464521408,34.42453384399414,0.01740817353129387,7.131735324859619,14.524131774902344,0.11662489175796509,0.1579163670539856,36.509033203125,0.019283615052700043,7.298602104187012
295,14.140491485595703,0.12158836424350739,0.15793302655220032,34.37340545654297,0.017660293728113174,7.108090400695801,14.573974609375,0.11858300864696503,0.1574326604604721,36.63713836669922,0.018090739846229553,7.324385166168213
296,14.090795516967773,0.12082530558109283,0.1582840532064438,34.3244743347168,0.017766963690519333,7.083146095275879,14.302567481994629,0.11583614349365234,0.15816476941108704,36.839134216308594,0.01701391115784645,7.189404010772705
297,14.19682788848877,0.12150508910417557,0.15813718736171722,34.34556198120117,0.017440101131796837,7.135869979858398,16.350553512573242,0.1411629170179367,0.15895099937915802,36.56797790527344,0.018703795969486237,8.212282180786133
298,14.03992748260498,0.12096355110406876,0.15785668790340424,34.37320327758789,0.017291095107793808,7.058163166046143,14.734757423400879,0.12465130537748337,0.15858449041843414,37.07466125488281,0.016765277832746506,7.4074907302856445
299,14.047013282775879,0.12152603268623352,0.15798652172088623,34.49464797973633,0.017003092914819717,7.06214714050293,14.353046417236328,0.11568860709667206,0.1579706072807312,36.57407760620117,0.01886729709804058,7.213768005371094
300,14.111806869506836,0.12144815921783447,0.1581088900566101,34.25640106201172,0.017459023743867874,7.093665599822998,14.411996841430664,0.11712832003831863,0.15827347338199615,36.57159423828125,0.017925331369042397,7.243584156036377
301,14.062091827392578,0.12070119380950928,0.15808351337909698,34.45742416381836,0.016988683491945267,7.069204807281494,14.324811935424805,0.11649516969919205,0.15803343057632446,36.626930236816406,0.01841089129447937,7.2003278732299805
302,14.04334831237793,0.12144621461629868,0.15836472809314728,34.26119613647461,0.017122579738497734,7.059914588928223,14.385808944702148,0.11700654774904251,0.15832440555095673,36.79345703125,0.017226841300725937,7.231006145477295
303,14.020423889160156,0.12134632468223572,0.15827831625938416,34.39015579223633,0.017055444419384003,7.048756122589111,14.491292953491211,0.11586011201143265,0.15826059877872467,36.528663635253906,0.01904340460896492,7.2820048332214355
304,14.068243980407715,0.12091755121946335,0.15805277228355408,34.48611068725586,0.01727267913520336,7.072359561920166,14.709587097167969,0.11944013088941574,0.1584540605545044,36.82144546508789,0.01679140515625477,7.392057418823242
305,14.094199180603027,0.12219293415546417,0.15858034789562225,34.62293243408203,0.017194285988807678,7.086073398590088,14.763592720031738,0.1222335547208786,0.15848594903945923,37.01148223876953,0.017230890691280365,7.420399188995361
306,14.012182235717773,0.1208987832069397,0.15840363502502441,34.392147064208984,0.017039496451616287,7.044524669647217,14.95840072631836,0.13136807084083557,0.15885987877845764,36.8912467956543,0.0165092870593071,7.5208563804626465
307,13.930699348449707,0.12053121626377106,0.15788818895816803,34.32985305786133,0.017007000744342804,7.003917217254639,15.10568618774414,0.12245423346757889,0.15873736143112183,36.556182861328125,0.017488619312644005,7.588572978973389
308,14.004136085510254,0.12106151878833771,0.15794120728969574,34.336421966552734,0.017351051792502403,7.040458679199219,14.450851440429688,0.11827588081359863,0.15805652737617493,36.46236801147461,0.01953926682472229,7.263156414031982
309,14.003409385681152,0.1206769198179245,0.15796856582164764,34.31682205200195,0.017190663143992424,7.0399370193481445,14.801807403564453,0.12562435865402222,0.15856534242630005,36.864158630371094,0.01714770868420601,7.440670490264893
310,13.997236251831055,0.12118296325206757,0.15806908905506134,34.57444381713867,0.01695447601377964,7.03759241104126,14.920036315917969,0.12336469441652298,0.15846413373947144,36.87399673461914,0.01672227308154106,7.497954845428467
311,461.107421875,0.15505442023277283,0.1541888266801834,38.64254379272461,0.07834845036268234,8.477607727050781,161.14793395996094,0.1413215696811676,0.1475074589252472,41.195884704589844,0.010359726846218109,3.669358730316162
312,60.63485336303711,0.13750262558460236,0.14529195427894592,36.486385345458984,0.010049376636743546,3.0994179248809814,26.286083221435547,0.1285582184791565,0.14128032326698303,37.70866775512695,0.007492493372410536,2.793138265609741
313,27.089723587036133,0.13016930222511292,0.1435435265302658,34.64698028564453,0.008325948379933834,2.7866435050964355,22.43276596069336,0.12483398616313934,0.1384570449590683,36.897560119628906,0.005790443625301123,2.636505603790283
314,24.514427185058594,0.12729845941066742,0.14149688184261322,34.266048431396484,0.007343578618019819,2.6913514137268066,20.27894401550293,0.12314252555370331,0.13651424646377563,36.71376419067383,0.006233682855963707,2.6276118755340576
315,23.070859909057617,0.12647759914398193,0.13838304579257965,34.16887664794922,0.00800312589854002,2.6954081058502197,20.577075958251953,0.1181827262043953,0.13440604507923126,36.57911682128906,0.006844267249107361,2.623828649520874
316,21.678712844848633,0.12376368790864944,0.13669535517692566,33.99524688720703,0.005990275647491217,2.559025526046753,18.92742919921875,0.11656394600868225,0.13217732310295105,36.245513916015625,0.004361054394394159,2.459428548812866
317,20.998672485351562,0.1223357692360878,0.13437682390213013,33.96697235107422,0.006192199885845184,2.54618763923645,20.54599952697754,0.11992112547159195,0.13424664735794067,36.46403121948242,0.009356669150292873,2.7583231925964355
318,19.56727409362793,0.12127037346363068,0.1318676918745041,33.636051177978516,0.0059556737542152405,2.500539779663086,20.841279983520508,0.1278858482837677,0.1338718682527542,35.739593505859375,0.01015408057719469,2.815171480178833
319,19.684772491455078,0.12152346968650818,0.13096165657043457,33.536842346191406,0.005465958267450333,2.468761444091797,18.26473045349121,0.11757298558950424,0.12816637754440308,36.04566192626953,0.004607073497027159,2.445037603378296
320,19.49510383605957,0.12154869735240936,0.1298099160194397,33.338592529296875,0.005745125934481621,2.4709975719451904,17.549156188964844,0.11514336615800858,0.12807819247245789,35.796443939208984,0.004439092241227627,2.416550397872925
321,18.724672317504883,0.12093248963356018,0.1270686537027359,33.01341247558594,0.005102783441543579,2.4075489044189453,17.995885848999023,0.11750694364309311,0.12533147633075714,36.18288803100586,0.004496096633374691,2.424225330352783
322,18.752540588378906,0.11970642954111099,0.12613064050674438,33.287235260009766,0.004248816054314375,2.3589255809783936,19.652673721313477,0.13336938619613647,0.12671540677547455,35.1334228515625,0.006666966713964939,2.5943830013275146
323,18.75148582458496,0.12158998101949692,0.12399740517139435,33.10929489135742,0.004540229216217995,2.3650600910186768,17.17137336730957,0.11585120111703873,0.12149453163146973,35.23893356323242,0.0036774463951587677,2.325542688369751
324,18.349557876586914,0.11968745291233063,0.1241966187953949,32.85165023803711,0.004819515626877546,2.3649208545684814,16.71234130859375,0.11546102911233902,0.12125471979379654,35.210384368896484,0.003398157889023423,2.305333137512207
325,17.944334030151367,0.11859055608510971,0.12248878926038742,32.84938049316406,0.004277787636965513,2.3201141357421875,17.789457321166992,0.11861877888441086,0.12072071433067322,35.34144592285156,0.0059780762530863285,2.457566261291504
326,18.159252166748047,0.11751491576433182,0.12051670998334885,32.47026443481445,0.0044129821471869946,2.30258846282959,18.17910385131836,0.12693172693252563,0.12003874778747559,34.9034423828125,0.008875513449311256,2.6308047771453857
327,18.329965591430664,0.11779065430164337,0.11915964633226395,32.713890075683594,0.004626123234629631,2.313309669494629,17.420425415039062,0.11226138472557068,0.1182282343506813,35.236873626708984,0.0043766857124865055,2.32824444770813
328,17.90483856201172,0.11748854070901871,0.11848028004169464,32.71125030517578,0.004063897300511599,2.2768564224243164,18.1024169921875,0.1196683943271637,0.11851653456687927,35.267662048339844,0.006858415435999632,2.494237184524536
329,18.29159164428711,0.11817603558301926,0.11921995878219604,32.28631591796875,0.004158997442573309,2.280515432357788,17.643386840820312,0.12094106525182724,0.11633183062076569,34.596595764160156,0.007786493748426437,2.5169448852539062
330,18.05800437927246,0.11754818260669708,0.11649861186742783,32.41234588623047,0.003946602810174227,2.252591371536255,17.12977409362793,0.1119750365614891,0.11817535758018494,34.39965057373047,0.00363370543345809,2.266671895980835
331,18.02986717224121,0.11736283451318741,0.11704647541046143,32.27326202392578,0.004247412085533142,2.267306327819824,17.562328338623047,0.1133626252412796,0.11597824096679688,34.92610168457031,0.0030634556896984577,2.244105815887451
332,17.779706954956055,0.1177951917052269,0.11539427191019058,32.22732925415039,0.003991532139480114,2.2437937259674072,18.112611770629883,0.11651286482810974,0.11624990403652191,34.4371337890625,0.004174681380391121,2.307497978210449
333,18.094894409179688,0.1172691062092781,0.11514054983854294,32.003787994384766,0.0037401963490992785,2.2228636741638184,16.88994789123535,0.1190139576792717,0.113765187561512,34.256187438964844,0.004786886740475893,2.325800657272339
334,17.70670509338379,0.11713451147079468,0.11287923902273178,32.123382568359375,0.004185997880995274,2.233304738998413,16.727252960205078,0.11526244133710861,0.1124659925699234,35.010841369628906,0.0027679200284183025,2.2143678665161133
335,17.92682647705078,0.11653473973274231,0.11263395100831985,32.10397720336914,0.003908213227987289,2.2152516841888428,17.014362335205078,0.11348690837621689,0.11397115141153336,34.26219940185547,0.0030957378912717104,2.216120481491089
336,17.49313735961914,0.11659739166498184,0.11146464943885803,32.110843658447266,0.003766801441088319,2.1995460987091064,17.09288215637207,0.11195345968008041,0.11049694567918777,33.843833923339844,0.0037152960430830717,2.211428165435791
337,17.88428497314453,0.11783348768949509,0.11209136992692947,32.14238357543945,0.003931698855012655,2.219480276107788,18.19668197631836,0.11444738507270813,0.10971245169639587,33.88311767578125,0.00516295013949275,2.2982282638549805
338,17.53826332092285,0.11576197296380997,0.11024683713912964,31.832061767578125,0.004346465226262808,2.2124345302581787,17.440536499023438,0.11605769395828247,0.1130928173661232,34.57150650024414,0.0047554452903568745,2.317457675933838
339,17.499608993530273,0.11572253704071045,0.10954322665929794,31.675310134887695,0.0036775884218513966,2.1692657470703125,16.60232925415039,0.11027520895004272,0.11088383942842484,33.5160026550293,0.0031653204932808876,2.1680781841278076
340,17.715187072753906,0.1158800795674324,0.10825639218091965,31.552120208740234,0.0035725939087569714,2.1546881198883057,16.990232467651367,0.11062448471784592,0.10975381731987,33.498146057128906,0.0026686880737543106,2.138068437576294
341,17.65892219543457,0.11413988471031189,0.10972580313682556,31.506633758544922,0.004156000446528196,2.1851959228515625,16.50943946838379,0.11243324726819992,0.10749499499797821,34.16433334350586,0.0026790210977196693,2.1468071937561035
342,17.40144920349121,0.11392740905284882,0.10739005357027054,31.207651138305664,0.0032755525317043066,2.1161952018737793,17.999109268188477,0.11718886345624924,0.1081068217754364,33.14769744873047,0.008439183235168457,2.4525563716888428
343,17.473175048828125,0.11433031409978867,0.10851481556892395,31.378847122192383,0.0033980158623307943,2.13541579246521,17.080917358398438,0.10954537242650986,0.10967591404914856,33.30124282836914,0.006403756327927113,2.3233964443206787
344,17.440622329711914,0.11424039304256439,0.10782259702682495,31.35366439819336,0.003314376575872302,2.1257989406585693,17.528635025024414,0.10940908640623093,0.1087053194642067,33.47770309448242,0.0034725223667919636,2.170274257659912
345,17.230857849121094,0.11509155482053757,0.10791788250207901,31.281702041625977,0.003443316789343953,2.134106397628784,16.830642700195312,0.12092295289039612,0.1081661507487297,34.04591369628906,0.005257816985249519,2.3196704387664795
346,17.309425354003906,0.11546744406223297,0.10646665096282959,31.114538192749023,0.0034187198616564274,2.1220450401306152,17.31355094909668,0.11192210018634796,0.10865269601345062,33.39170455932617,0.006947103422135115,2.3587944507598877
347,17.291292190551758,0.11566967517137527,0.10634224861860275,31.23743438720703,0.0036497830878943205,2.1370832920074463,17.475736618041992,0.11516685038805008,0.10881780833005905,32.96105194091797,0.0038528461009263992,2.2025163173675537
348,17.318708419799805,0.11431799829006195,0.10510573536157608,30.98154640197754,0.0036263910587877035,2.1167125701904297,17.374374389648438,0.10933095961809158,0.10654004663228989,32.859214782714844,0.0035458768252283335,2.145329713821411
349,17.369094848632812,0.11336873471736908,0.10606848448514938,30.818187713623047,0.0033587480429559946,2.1007752418518066,16.787391662597656,0.10993308573961258,0.10710237920284271,33.14690017700195,0.006840136833488941,2.3274948596954346
350,17.0506591796875,0.11395485699176788,0.1041063591837883,30.93585205078125,0.0034390392247587442,2.0972392559051514,17.26084327697754,0.11273849755525589,0.10804399102926254,32.803890228271484,0.004610142204910517,2.2224349975585938
351,17.26885223388672,0.11575918644666672,0.10581549257040024,30.83578872680664,0.003422398120164871,2.1127145290374756,16.688169479370117,0.1115061491727829,0.10749254375696182,33.043392181396484,0.004012270364910364,2.1861660480499268
352,17.214248657226562,0.11336679756641388,0.10349594801664352,30.568952560424805,0.003205718006938696,2.070788621902466,17.500268936157227,0.11236859858036041,0.10710712522268295,32.82003402709961,0.006388264242559671,2.3093369007110596
353,17.05576515197754,0.11341958492994308,0.10280848294496536,30.741134643554688,0.0034790150821208954,2.0846407413482666,17.16419792175293,0.10946143418550491,0.10427800565958023,33.942657470703125,0.002643165411427617,2.110478162765503
354,17.162694931030273,0.11352736502885818,0.10322248935699463,30.83473014831543,0.0035245646722614765,2.0926332473754883,16.763874053955078,0.10913833975791931,0.10220760852098465,32.352508544921875,0.0027613085694611073,2.063040256500244
355,17.078245162963867,0.1150665283203125,0.10256786644458771,30.733125686645508,0.003494154429063201,2.0908639430999756,16.283098220825195,0.10965700447559357,0.10322257876396179,32.427921295166016,0.004264873452484608,2.1495349407196045
356,17.156856536865234,0.11305197328329086,0.10159184783697128,30.602413177490234,0.0030941518489271402,2.0528275966644287,16.614473342895508,0.1115715503692627,0.10486630350351334,32.78070831298828,0.0030723949894309044,2.115131139755249
357,17.21356773376465,0.11345799267292023,0.10261841863393784,30.554941177368164,0.0030490641947835684,2.0574228763580322,16.515893936157227,0.11816396564245224,0.10519297420978546,32.9914436340332,0.003367230761796236,2.165025472640991
358,17.693330764770508,0.11395301669836044,0.10279808938503265,30.355205535888672,0.0041803643107414246,2.1167337894439697,20.018524169921875,0.11674432456493378,0.10576353222131729,32.143917083740234,0.012234841473400593,2.6186861991882324
359,17.52263832092285,0.11257323622703552,0.10116098821163177,30.33257484436035,0.003380934242159128,2.058187484741211,16.42826271057129,0.11199124157428741,0.10312135517597198,32.79771423339844,0.0027170733083039522,2.0876007080078125
360,17.383020401000977,0.11432541161775589,0.10114340484142303,30.397991180419922,0.0033609860111027956,2.0654613971710205,17.551851272583008,0.11094026267528534,0.10348769277334213,32.461368560791016,0.010520846582949162,2.4886932373046875
361,17.29237174987793,0.11437205970287323,0.10168557614088058,30.26107406616211,0.003915918059647083,2.0941689014434814,16.674631118774414,0.1113450676202774,0.10087451338768005,32.59870529174805,0.0033711702562868595,2.1017603874206543
362,17.162343978881836,0.11262773722410202,0.1003476232290268,30.000524520874023,0.0030893743969500065,2.028902530670166,17.117103576660156,0.11149244010448456,0.1023932471871376,31.98431396484375,0.0035920843947678804,2.1100234985351562
363,17.22853660583496,0.11231891810894012,0.09947177767753601,30.116697311401367,0.002770549850538373,2.008801221847534,16.244476318359375,0.10608821362257004,0.10206887871026993,31.623802185058594,0.0017660217126831412,1.9777721166610718
364,17.146879196166992,0.113582082092762,0.10023817420005798,30.130598068237305,0.003079809248447418,2.0348525047302246,16.2060604095459,0.10871711373329163,0.09875504672527313,32.31366729736328,0.0028863607440143824,2.0439236164093018
365,17.22235107421875,0.11340814083814621,0.09953771531581879,29.939823150634766,0.0032281570602208376,2.033386707305908,17.45667266845703,0.12820851802825928,0.10664164274930954,32.21532440185547,0.012530605308711529,2.679124593734741
366,17.115209579467773,0.11223778873682022,0.0992238000035286,30.474876403808594,0.003431193297728896,2.0495619773864746,16.749940872192383,0.10818387567996979,0.10019224882125854,31.577272415161133,0.003344171214848757,2.0586509704589844
367,17.179733276367188,0.11360419541597366,0.0980159342288971,30.174758911132812,0.003269495675340295,2.032747745513916,20.1174373626709,0.19059324264526367,0.10333558917045593,32.73488235473633,0.03187429904937744,3.955301284790039
368,17.319482803344727,0.11304739862680435,0.09866611659526825,29.763507843017578,0.003135651582852006,2.0179872512817383,16.921972274780273,0.11865632236003876,0.10397139191627502,33.19929122924805,0.004179041832685471,2.208786964416504
369,17.31221580505371,0.11263485252857208,0.09710059314966202,29.984050750732422,0.0030090557411313057,2.005553722381592,16.841453552246094,0.11196596920490265,0.09853754192590714,32.146053314208984,0.004380227066576481,2.132829427719116
370,17.129207611083984,0.1133265495300293,0.09842140972614288,30.081621170043945,0.0031549823470413685,2.025580883026123,17.512277603149414,0.12145188450813293,0.1026705726981163,31.695661544799805,0.006289222743362188,2.2891359329223633
371,17.298202514648438,0.11236901581287384,0.09629915654659271,29.850540161132812,0.0029573480132967234,1.9936761856079102,17.202354431152344,0.12968198955059052,0.09860314428806305,31.94246482849121,0.007251455448567867,2.354494333267212
372,17.23784637451172,0.1134757250547409,0.09707055985927582,29.702150344848633,0.002895412966609001,1.9959301948547363,16.592548370361328,0.1098707765340805,0.1012006625533104,32.043434143066406,0.002543434966355562,2.0406346321105957
373,17.346385955810547,0.1124509945511818,0.09626061469316483,29.69637680053711,0.0028852277901023626,1.9865247011184692,16.32086181640625,0.10815788805484772,0.0979483425617218,32.22193145751953,0.0036193046253174543,2.0732102394104004
374,17.317996978759766,0.1129065454006195,0.09730041027069092,29.801105499267578,0.0031393757089972496,2.010319232940674,18.315277099609375,0.11757197976112366,0.09714461863040924,31.51582145690918,0.00643080472946167,2.246023416519165
375,17.44674301147461,0.11223358660936356,0.09586571902036667,29.865446090698242,0.0028963179793208838,1.9882960319519043,17.88011360168457,0.11576174199581146,0.09830011427402496,32.65618133544922,0.006126059219241142,2.255005359649658
376,17.261991500854492,0.11233650147914886,0.09610888361930847,29.79426383972168,0.003089367412030697,1.9977830648422241,17.183147430419922,0.11531489342451096,0.10194604098796844,32.19930648803711,0.004871205892413855,2.195655107498169
377,17.11449432373047,0.1115405261516571,0.09564537554979324,29.544469833374023,0.002802080474793911,1.970058798789978,16.774944305419922,0.11366522312164307,0.09599696844816208,32.263370513916016,0.005262763239443302,2.1733949184417725
378,17.140592575073242,0.11199747025966644,0.09484017640352249,29.457368850708008,0.0028771308716386557,1.9691063165664673,16.13401985168457,0.10794530808925629,0.09795990586280823,31.98064613342285,0.0015872614458203316,1.9598780870437622
379,17.144445419311523,0.11122892051935196,0.09416843950748444,29.449552536010742,0.002799000358209014,1.957592248916626,17.89967155456543,0.1353645622730255,0.09780643880367279,32.211997985839844,0.008940150961279869,2.4711577892303467
380,17.22528076171875,0.11237899214029312,0.09564902633428574,29.324155807495117,0.00280836527235806,1.9691162109375,18.24284553527832,0.11920081824064255,0.09739844501018524,31.05101203918457,0.00958330649882555,2.407320976257324
381,17.24460220336914,0.11214008927345276,0.0942225232720375,29.504920959472656,0.003176082158461213,1.9831719398498535,16.332103729248047,0.10983281582593918,0.09469299018383026,32.29654312133789,0.0025672323536127806,2.007833242416382
382,17.136783599853516,0.11230071634054184,0.09398092329502106,29.540006637573242,0.003024250967428088,1.9748945236206055,16.342836380004883,0.11494871973991394,0.10570677369832993,31.404569625854492,0.002430948195978999,2.0668270587921143
383,17.292770385742188,0.11210509389638901,0.09534360468387604,29.339723587036133,0.0030860386323183775,1.9812575578689575,16.74187660217285,0.11020177602767944,0.09550034254789352,30.822525024414062,0.0039855423383414745,2.0544137954711914
384,17.18308448791504,0.1112404391169548,0.09261848777532578,29.017215728759766,0.0029693671967834234,1.9470258951187134,17.250776290893555,0.12734255194664001,0.09606529772281647,30.95331573486328,0.008954583667218685,2.394636869430542
385,17.183269500732422,0.11174198985099792,0.0928119421005249,29.072162628173828,0.0026707430370151997,1.9360584020614624,16.230348587036133,0.11123664677143097,0.0959404930472374,31.9892578125,0.002614663215354085,2.0159049034118652
386,17.105823516845703,0.1114889457821846,0.09349881112575531,29.06066131591797,0.003000750904902816,1.9557040929794312,16.61362075805664,0.1077374815940857,0.09413907676935196,30.927270889282227,0.0021765008568763733,1.9435250759124756
387,17.365564346313477,0.11135924607515335,0.0926748514175415,29.04217529296875,0.0027848067693412304,1.9395899772644043,17.926971435546875,0.1558409035205841,0.09646041691303253,31.913904190063477,0.008922711946070194,2.5418379306793213
388,17.39457130432129,0.1114342212677002,0.0936223492026329,29.294626235961914,0.003121153451502323,1.9692918062210083,17.674592971801758,0.15378324687480927,0.09447641670703888,32.16386032104492,0.009710565209388733,2.5673162937164307
389,17.25386619567871,0.11192397028207779,0.0923876091837883,29.066621780395508,0.0028762980364263058,1.9451642036437988,16.271474838256836,0.11443959176540375,0.09388156980276108,31.412281036376953,0.002644187305122614,2.0049984455108643
390,17.435914993286133,0.11243902891874313,0.09237151592969894,29.10798454284668,0.002585100708529353,1.933806300163269,17.134929656982422,0.11961228400468826,0.09496811777353287,31.15884017944336,0.005794360302388668,2.195063352584839
391,17.5163516998291,0.11276279389858246,0.09316717088222504,28.774259567260742,0.0025492936838418245,1.9303747415542603,16.361684799194336,0.109050452709198,0.09352386742830276,31.0795841217041,0.002123500918969512,1.945273518562317
392,17.16401481628418,0.11161880940198898,0.09167288988828659,28.72536849975586,0.0029130871407687664,1.932949185371399,16.785011291503906,0.10704147070646286,0.09149166196584702,30.928207397460938,0.003555711591616273,1.9973812103271484
393,17.28816032409668,0.11105377227067947,0.09147312492132187,28.522523880004883,0.002899134997278452,1.9242686033248901,16.062152862548828,0.11013833433389664,0.09442753344774246,31.316137313842773,0.005320439580827951,2.126408338546753
394,17.282381057739258,0.11124830693006516,0.0918547511100769,28.749839782714844,0.0027981793973594904,1.9275496006011963,16.7431583404541,0.11077181249856949,0.0924568846821785,30.57677459716797,0.0025727550964802504,1.959080696105957
395,17.93714714050293,0.11351818591356277,0.09695840626955032,29.238767623901367,0.002799849957227707,1.9821816682815552,17.958860397338867,0.1322679966688156,0.09441070258617401,31.9782657623291,0.00904263649135828,2.4377188682556152
396,17.411922454833984,0.11205031722784042,0.09185665845870972,28.805110931396484,0.0030946300830692053,1.9482698440551758,17.679729461669922,0.13211438059806824,0.09251740574836731,31.86590003967285,0.012277517467737198,2.590555429458618
397,17.16497802734375,0.11043146997690201,0.0905715674161911,28.81784439086914,0.0028859057929366827,1.9221489429473877,16.03753089904785,0.1062404215335846,0.09133710712194443,30.417455673217773,0.0026447051204741,1.930238962173462
398,17.335233688354492,0.11123733967542648,0.09040408581495285,29.102527618408203,0.0025957913603633642,1.9169731140136719,16.585832595825195,0.11370447278022766,0.09217076748609543,30.966533660888672,0.004781978204846382,2.093684673309326
399,17.528581619262695,0.11225247383117676,0.0915219709277153,28.764930725097656,0.002901823027059436,1.9365849494934082,16.729352951049805,0.10800070315599442,0.0940432995557785,30.881559371948242,0.002168281003832817,1.9430134296417236
400,17.333831787109375,0.11181201040744781,0.09224287420511246,28.52181053161621,0.0027431079652160406,1.9241150617599487,16.200895309448242,0.10748036205768585,0.09318765997886658,30.468524932861328,0.002116013551130891,1.9208828210830688
401,17.122323989868164,0.11146187037229538,0.09128917008638382,28.62578010559082,0.002801179885864258,1.9215930700302124,16.691028594970703,0.11083025485277176,0.09262663125991821,31.876554489135742,0.0037647404242306948,2.0535099506378174
402,17.332759857177734,0.11124680191278458,0.09137965738773346,28.35447883605957,0.0025882674381136894,1.9044641256332397,17.477102279663086,0.11037332564592361,0.09767516702413559,30.349275588989258,0.0020947305019944906,1.9611986875534058
403,17.80071449279785,0.11436023563146591,0.09240060299634933,28.74968910217285,0.002642307197675109,1.9379774332046509,17.16669464111328,0.12182944267988205,0.09264130890369415,30.482091903686523,0.01018956582993269,2.403545618057251
404,17.195825576782227,0.11152464151382446,0.08994989097118378,28.3878116607666,0.002729848027229309,1.90471613407135,16.643165588378906,0.1120472177863121,0.09022810310125351,30.13115692138672,0.00270405993796885,1.9468845129013062
405,17.54193687438965,0.11030174046754837,0.08885027468204498,28.492984771728516,0.0023851545993238688,1.8789396286010742,16.6094913482666,0.10725664347410202,0.09034697711467743,29.947525024414062,0.002012483775615692,1.8867086172103882
406,17.2056827545166,0.1106409877538681,0.08941971510648727,28.130069732666016,0.0028292012866586447,1.8968318700790405,16.22109603881836,0.10760919004678726,0.09291186183691025,30.630422592163086,0.0038646908942610025,2.014918327331543
407,17.52600860595703,0.11121082305908203,0.08978885412216187,28.30540657043457,0.002789459889754653,1.9049031734466553,19.5402774810791,0.14057545363903046,0.0904947966337204,31.74760627746582,0.012854887172579765,2.6491541862487793
408,17.402502059936523,0.11038900911808014,0.08861333131790161,28.447736740112305,0.00247568148188293,1.880954623222351,17.384370803833008,0.13325311243534088,0.09138369560241699,31.360931396484375,0.00565147353336215,2.2298150062561035
409,17.256391525268555,0.11102165281772614,0.08865963667631149,28.279220581054688,0.0026495882775634527,1.8883283138275146,17.876794815063477,0.1485135704278946,0.0931403636932373,30.50296401977539,0.008196292445063591,2.4189867973327637
410,17.362024307250977,0.11019241064786911,0.08926837891340256,28.396770477294922,0.0025350796058773994,1.8857437372207642,16.442644119262695,0.11088956892490387,0.09172649681568146,31.738046646118164,0.002875844482332468,1.9976943731307983
411,17.24720573425293,0.11023303121328354,0.08829411119222641,28.07487678527832,0.00260579539462924,1.8755731582641602,16.72283935546875,0.10942284762859344,0.08889893442392349,31.31728172302246,0.002530762692913413,1.947627067565918
412,17.216384887695312,0.11114417016506195,0.08825364708900452,28.43695640563965,0.003006525104865432,1.9086560010910034,17.3944034576416,0.15008339285850525,0.09061826020479202,31.90130043029785,0.0090145543217659,2.484849214553833
413,17.520950317382812,0.11129211634397507,0.08881063014268875,28.234214782714844,0.002494213869795203,1.8822762966156006,16.624330520629883,0.11214376240968704,0.09164252877235413,30.443603515625,0.005469013471156359,2.1073272228240967
414,17.534748077392578,0.1105542853474617,0.08815982937812805,28.173030853271484,0.0024558331351727247,1.87184739112854,16.81671142578125,0.11471471190452576,0.091044120490551,30.625751495361328,0.005459791049361229,2.1193182468414307
415,17.584793090820312,0.10968457162380219,0.08766461163759232,28.246662139892578,0.0024613954592496157,1.8674699068069458,17.519451141357422,0.13799315690994263,0.08907958120107651,31.078176498413086,0.008981512859463692,2.4034740924835205
416,17.457616806030273,0.11063629388809204,0.0887579619884491,27.790729522705078,0.0030589259695261717,1.8977078199386597,17.181232452392578,0.12676937878131866,0.09089416265487671,30.617971420288086,0.009204796515405178,2.3660013675689697
417,17.422555923461914,0.10926210880279541,0.08806746453046799,28.23526954650879,0.0025695818476378918,1.8727920055389404,17.954679489135742,0.14857837557792664,0.09220261126756668,31.40442657470703,0.011314705945551395,2.5982134342193604
418,17.481443405151367,0.11028771847486496,0.08910728991031647,28.29212188720703,0.002607129979878664,1.8869141340255737,16.087133407592773,0.10799405723810196,0.08842425793409348,30.889217376708984,0.001889965613372624,1.8924455642700195
419,17.936859130859375,0.11190983653068542,0.09485050290822983,28.1269474029541,0.002737581031396985,1.932805061340332,19.193838119506836,0.11371666938066483,0.10081227868795395,30.793188095092773,0.004281156696379185,2.1257822513580322
420,17.48490333557129,0.11064103245735168,0.08843215554952621,28.091060638427734,0.002320597181096673,1.8646184206008911,16.414846420288086,0.11358429491519928,0.0889148861169815,31.595090866088867,0.003876984119415283,2.040940284729004
421,17.34069061279297,0.1110309585928917,0.08786719292402267,28.463220596313477,0.0023560163099318743,1.873092770576477,17.12540054321289,0.11161618679761887,0.08818458020687103,29.987573623657227,0.0035025589168071747,1.9729957580566406
422,17.346572875976562,0.10957451164722443,0.08671170473098755,27.743980407714844,0.002242248971015215,1.8368273973464966,16.966489791870117,0.11241120100021362,0.09268127381801605,29.92367935180664,0.003934561274945736,2.023575782775879
423,17.253681182861328,0.1108640506863594,0.08790966868400574,27.778823852539062,0.002572151832282543,1.8671040534973145,16.96860122680664,0.11157727986574173,0.09022711217403412,29.974172592163086,0.004506259690970182,2.036403179168701
424,17.2918701171875,0.11056243628263474,0.0876360610127449,27.695127487182617,0.002743686782196164,1.871279239654541,17.533905029296875,0.11161203682422638,0.08953724056482315,30.23331642150879,0.0038243276067078114,2.005415439605713
425,17.317228317260742,0.10974156856536865,0.08668200671672821,27.75506019592285,0.002373435301706195,1.844342827796936,19.184846878051758,0.1544959545135498,0.0895993635058403,30.644685745239258,0.017301330342888832,2.906583786010742
426,17.269187927246094,0.11051584780216217,0.08724230527877808,27.76921844482422,0.0024917612317949533,1.857282280921936,16.481578826904297,0.11852601170539856,0.08774645626544952,30.201311111450195,0.004840618930757046,2.0718910694122314
427,17.568376541137695,0.11074046045541763,0.08751736581325531,27.886573791503906,0.0024295214097946882,1.8606770038604736,16.44744300842285,0.10907483100891113,0.08850616216659546,29.64458465576172,0.0020148244220763445,1.8755813837051392
428,17.387083053588867,0.10986194014549255,0.0858868658542633,27.750394821166992,0.002330474555492401,1.8380335569381714,17.389606475830078,0.11356329172849655,0.09060247987508774,29.893814086914062,0.004080748185515404,2.0246622562408447
429,17.38226318359375,0.11025090515613556,0.08612454682588577,27.624774932861328,0.0028926734812557697,1.867371678352356,16.464067459106445,0.11492788791656494,0.08753260225057602,30.568872451782227,0.009065085090696812,2.284379005432129
430,17.2188720703125,0.1094244197010994,0.08559118956327438,27.6046199798584,0.0024950408842414618,1.8388015031814575,16.942943572998047,0.12190938740968704,0.08712368458509445,30.133922576904297,0.007663742173463106,2.2299396991729736
431,17.19281578063965,0.11062686890363693,0.08600836247205734,27.79743766784668,0.0027879648841917515,1.8661847114562988,17.05006217956543,0.1180344745516777,0.08984919637441635,30.247894287109375,0.004944056738168001,2.091216564178467
432,17.469425201416016,0.10888086259365082,0.08613476157188416,27.438602447509766,0.002236903877928853,1.8233271837234497,18.39116859436035,0.13091431558132172,0.09235430508852005,29.668869018554688,0.009304631501436234,2.3796207904815674
433,17.422840118408203,0.11026045680046082,0.08569590002298355,27.636959075927734,0.0025581326335668564,1.847867727279663,16.787940979003906,0.12180983275175095,0.0884258970618248,29.567243576049805,0.006068188231438398,2.139866590499878
434,17.33974266052246,0.11036811023950577,0.08582136780023575,27.65492057800293,0.002435655565932393,1.8427798748016357,16.68079948425293,0.13623924553394318,0.08695399761199951,30.880300521850586,0.004167000763118267,2.1241588592529297
435,17.35468864440918,0.11003943532705307,0.08595253527164459,27.621912002563477,0.0024253244046121836,1.8409019708633423,16.433185577392578,0.10783658921718597,0.08669451624155045,30.55384635925293,0.0020539246033877134,1.883342981338501
436,17.43741798400879,0.11090150475502014,0.08610299229621887,27.551673889160156,0.0025303433649241924,1.8495763540267944,16.863605499267578,0.10708241909742355,0.08836138248443604,30.232492446899414,0.002094512339681387,1.8862671852111816
437,17.361907958984375,0.1091371476650238,0.08472069352865219,27.401412963867188,0.0022175598423928022,1.813617467880249,16.561067581176758,0.11380413919687271,0.08749271184206009,29.600250244140625,0.002910702023655176,1.9356498718261719
438,17.160961151123047,0.10982085019350052,0.08521396666765213,27.57163429260254,0.0023537236265838146,1.8298282623291016,17.623605728149414,0.12061277776956558,0.09130486100912094,29.794269561767578,0.007061495445668697,2.2126669883728027
439,17.426231384277344,0.10914897918701172,0.0843658596277237,27.255571365356445,0.0021833411883562803,1.806520938873291,16.556415557861328,0.1127038300037384,0.08781378716230392,31.37832260131836,0.005210106261074543,2.09550142288208
440,17.276784896850586,0.10888370126485825,0.08525088429450989,27.48288345336914,0.0024344297125935555,1.8286296129226685,16.72673988342285,0.10861817747354507,0.09001978486776352,30.21725082397461,0.0035875241737812757,1.9795916080474854
441,17.307889938354492,0.11002115160226822,0.08495180308818817,27.302385330200195,0.0022111705038696527,1.8158074617385864,17.21510124206543,0.1352825164794922,0.08913175761699677,29.96590232849121,0.008437436074018478,2.3359692096710205
442,17.28648567199707,0.1095709428191185,0.08422752469778061,27.197547912597656,0.002206626581028104,1.8067281246185303,16.054948806762695,0.10802938044071198,0.0872776135802269,30.18373680114746,0.00240099779330194,1.895296573638916
443,17.313627243041992,0.10930656641721725,0.08397465944290161,27.13864517211914,0.0021336341742426157,1.798987627029419,17.643108367919922,0.13349522650241852,0.09117459505796432,29.38580894470215,0.011243896558880806,2.474733591079712
444,17.219383239746094,0.10902918130159378,0.08499957621097565,27.22667694091797,0.0024883311707526445,1.824161171913147,16.20823097229004,0.1091698631644249,0.08825476467609406,30.05150032043457,0.0028209283482283354,1.925307273864746
445,17.3568172454834,0.10957623273134232,0.08466925472021103,27.254966735839844,0.002236513886600733,1.8126165866851807,16.202802658081055,0.11066687852144241,0.08624756336212158,29.508975982666016,0.0015866232570260763,1.8422373533248901
446,17.15389060974121,0.10908625274896622,0.0834868997335434,27.117551803588867,0.00208062375895679,1.791215181350708,16.212844848632812,0.10884374380111694,0.08647367358207703,29.4458065032959,0.002635149983689189,1.8890571594238281
447,17.214599609375,0.10826770961284637,0.08367987722158432,27.30110740661621,0.002188899787142873,1.799208164215088,18.4891300201416,0.14636453986167908,0.08870977908372879,29.901351928710938,0.011950586922466755,2.5671768188476562
448,17.242198944091797,0.10890312492847443,0.08365512639284134,26.957765579223633,0.0022611324675381184,1.7973772287368774,16.66349220275879,0.11597719043493271,0.08621250838041306,29.97620391845703,0.002936512930318713,1.9479972124099731
449,17.34701919555664,0.10964285582304001,0.08325829356908798,27.24979019165039,0.002339447382837534,1.8096668720245361,17.220905303955078,0.11107663810253143,0.08585833013057709,29.7128963470459,0.004004002083092928,1.9767380952835083
450,17.42668342590332,0.1087430864572525,0.08367450535297394,27.03551483154297,0.00215358380228281,1.7938320636749268,16.37880516052246,0.11480633914470673,0.08653154969215393,29.48186683654785,0.0033955464605242014,1.9558336734771729
451,17.14583969116211,0.10801040381193161,0.08307498693466187,26.857343673706055,0.0024201711639761925,1.7956136465072632,17.33541488647461,0.149742990732193,0.08944232761859894,29.65714454650879,0.006770588457584381,2.3052175045013428
452,17.39919662475586,0.10900849103927612,0.08345717191696167,26.92249298095703,0.002213799161836505,1.7939667701721191,17.612375259399414,0.11133324354887009,0.09023166447877884,29.40273666381836,0.0035232827067375183,1.9730509519577026
453,17.377531051635742,0.10896537452936172,0.08427643775939941,26.94273567199707,0.0020665598567575216,1.7914032936096191,16.787395477294922,0.1111869215965271,0.09002914279699326,29.34951400756836,0.004506953526288271,2.0178494453430176
454,17.300695419311523,0.1089726909995079,0.08354994654655457,26.91773223876953,0.0021931834053248167,1.79277765750885,17.534788131713867,0.14649386703968048,0.08762480318546295,29.776601791381836,0.009158963337540627,2.408799409866333
455,17.361509323120117,0.10900362581014633,0.0823214128613472,26.835773468017578,0.002543270355090499,1.802095651626587,16.35093879699707,0.10556535422801971,0.08635573834180832,30.46736717224121,0.0024280231446027756,1.8887909650802612
456,17.163278579711914,0.10821882635354996,0.08301232010126114,26.8643741607666,0.002153857611119747,1.7824779748916626,16.86682891845703,0.10753577202558517,0.08824145048856735,29.61609649658203,0.0022796383127570152,1.8823200464248657
457,17.523630142211914,0.10897846519947052,0.08446573466062546,26.90828514099121,0.0021977995056658983,1.7992018461227417,17.229555130004883,0.11193488538265228,0.08677175641059875,29.450172424316406,0.004080899525433779,1.9835615158081055
458,17.40023422241211,0.10943480581045151,0.0846475139260292,26.93341636657715,0.002127962652593851,1.7986785173416138,15.988858222961426,0.10649818927049637,0.08550787717103958,30.312034606933594,0.001764366403222084,1.8478590250015259
459,17.16900062561035,0.10820670425891876,0.08271563053131104,26.813323974609375,0.0019501934293657541,1.7688319683074951,16.771543502807617,0.11019356548786163,0.08654651790857315,29.74386215209961,0.002630423055961728,1.9044092893600464
