device,n_head_stages,head_width,params,params_M,memory_MiB,vram_GiB,vram_limit_mib,min,max,median,mean,std,dnf_reason,dnf_message
CPU,0,2,468408,0.468408,1.7885894775390625,0.0,32768.0,66.92720000137342,70.58549999783281,67.99194999985048,68.16300000064075,1.0953274807851447,,
CPU,1,2,468458,0.468458,1.7888946533203125,0.0,32768.0,67.0243999993545,74.7791000030702,68.29524999920977,68.7865600004443,2.2034988820420387,,
CPU,2,2,468508,0.468508,1.7891998291015625,0.0,32768.0,65.58790000417503,73.76449999719625,69.74399999671732,69.57208000021637,2.408767340636566,,
CPU,4,2,468608,0.468608,1.7898101806640625,0.0,32768.0,66.96709999960149,74.28090000030352,70.22964999850956,69.71974999978556,2.3779058401910533,,
CPU,8,2,468808,0.468808,1.7910308837890625,0.0,32768.0,67.17139999818755,73.34090000222204,69.31640000038897,69.34731000001193,1.693358446316866,,
CPU,16,2,469208,0.469208,1.7934722900390625,0.0,32768.0,67.64149999798974,73.88759999594186,70.20429999829503,70.48737000004621,1.7647563343264865,,
CPU,32,2,470008,0.470008,1.7983551025390625,0.0,32768.0,70.40439999400405,75.35839999763994,72.41199999771197,72.59595999857993,1.2081758279330088,,
CPU,64,2,471608,0.471608,1.8081207275390625,0.0,32768.0,75.01290000072913,82.12209999328479,78.54004999535391,78.49048999778461,2.3723320830177803,,
CPU,128,2,474808,0.474808,1.8276519775390625,0.0,32768.0,82.94829999795184,89.38130000024103,84.90410000013071,85.4862599997432,1.8880490507996954,,
CPU,256,2,481208,0.481208,1.8667144775390625,0.0,32768.0,100.09899999568006,107.33029999391874,105.76450000007753,105.06817999921623,2.2522862898417775,,
CPU,512,2,494008,0.494008,1.9448394775390625,0.0,32768.0,134.5759000032558,148.74769999732962,140.24035000329604,141.40090000000782,4.376389656563092,,
CPU,1024,2,519608,0.519608,2.1010894775390625,0.0,32768.0,206.06609999958891,219.00800000003073,211.760599999252,212.45321000023978,3.7567654559528116,,
CPU,2048,2,570808,0.570808,2.4135894775390625,0.0,32768.0,339.3571999986307,373.7937000041711,356.6571000010299,357.7306099999987,8.691349955135928,,
CPU,4096,2,673208,0.673208,3.0385894775390625,0.0,32768.0,622.1543999999994,665.6807000035769,643.9156000014918,644.7909900001832,12.609472940963752,,
CPU,8192,2,878008,0.878008,4.2885894775390625,,32768.0,,,,,,time,run took 1223.07 ms (> 1000 ms)
CPU,16384,2,1287608,1.287608,6.7885894775390625,,32768.0,,,,,,time,blocked: lower width failed at stages=8192 (time limit)
CPU,32768,2,2106808,2.106808,11.788589477539062,,32768.0,,,,,,time,blocked: lower width failed at stages=8192 (time limit)
CPU,65536,2,3745208,3.745208,21.788589477539062,,32768.0,,,,,,time,blocked: lower width failed at stages=8192 (time limit)
CPU,131072,2,7022008,7.022008,41.78858947753906,,32768.0,,,,,,time,blocked: lower width failed at stages=8192 (time limit)
CPU,262144,2,13575608,13.575608,81.78858947753906,,32768.0,,,,,,time,blocked: lower width failed at stages=8192 (time limit)
CPU,524288,2,26682808,26.682808,161.78858947753906,,32768.0,,,,,,time,blocked: lower width failed at stages=8192 (time limit)
CPU,1048576,2,52897208,52.897208,321.78858947753906,,32768.0,,,,,,time,blocked: lower width failed at stages=8192 (time limit)
CPU,0,4,469248,0.469248,1.7918701171875,0.0,32768.0,66.9183999998495,70.46550000086427,69.14994999897317,68.95974000144633,1.2575877367994726,,
CPU,1,4,469388,0.469388,1.7925949096679688,0.0,32768.0,65.09910000022501,70.9156000011717,67.70810000307392,67.82277000165777,1.5193079104996892,,
CPU,2,4,469528,0.469528,1.7933197021484375,0.0,32768.0,64.50220000260742,73.95009999891045,69.29200000013225,69.54870000045048,2.8165434075085796,,
CPU,4,4,469808,0.469808,1.794769287109375,0.0,32768.0,65.10400000115624,73.24209999933373,68.91724999877624,69.12219999867375,2.1381979630921744,,
CPU,8,4,470368,0.470368,1.79766845703125,0.0,32768.0,68.0512999970233,73.1071999980486,69.54480000058538,69.97269999992568,1.3360761102364962,,
CPU,16,4,471488,0.471488,1.803466796875,0.0,32768.0,67.7332999985083,73.13570000405889,70.44020000103046,70.56909999955678,1.5781474780492808,,
CPU,32,4,473728,0.473728,1.8150634765625,0.0,32768.0,69.64239999797428,75.9630999964429,73.86694999877363,73.42513999974472,2.068087541982433,,
CPU,64,4,478208,0.478208,1.8382568359375,0.0,32768.0,75.36509999772534,81.31739999953425,77.98689999617636,77.8163000002678,2.101473677998997,,
CPU,128,4,487168,0.487168,1.8846435546875,0.0,32768.0,84.07959999749437,95.55639999598498,88.85019999797805,88.79422999962117,3.821831915565924,,
CPU,256,4,505088,0.505088,1.9774169921875,0.0,32768.0,103.40079999878071,109.25130000396166,106.21199999877717,106.21329999994487,1.7902731286632554,,
CPU,512,4,540928,0.540928,2.1629638671875,0.0,32768.0,141.02319999801693,154.26619999925606,147.72079999602283,147.1432799982722,4.201383657748331,,
CPU,1024,4,612608,0.612608,2.5340576171875,0.0,32768.0,213.30159999342868,232.22650000388967,226.59779999958118,224.14371999984724,6.74424125227002,,
CPU,2048,4,755968,0.755968,3.2762451171875,0.0,32768.0,365.075199995772,400.18679999775486,383.093150001514,380.6980000001204,11.073130550268546,,
CPU,4096,4,1042688,1.042688,4.7606201171875,0.0,32768.0,667.3743999999715,771.538100001635,683.3334500006458,695.7133000003523,29.34714007002046,,
CPU,8192,4,1616128,1.616128,7.7293701171875,,32768.0,,,,,,time,blocked: lower width failed at stages=8192 (time limit)
CPU,16384,4,2763008,2.763008,13.6668701171875,,32768.0,,,,,,time,blocked: lower width failed at stages=8192 (time limit)
CPU,32768,4,5056768,5.056768,25.5418701171875,,32768.0,,,,,,time,blocked: lower width failed at stages=8192 (time limit)
CPU,65536,4,9644288,9.644288,49.2918701171875,,32768.0,,,,,,time,blocked: lower width failed at stages=8192 (time limit)
CPU,131072,4,18819328,18.819328,96.7918701171875,,32768.0,,,,,,time,blocked: lower width failed at stages=8192 (time limit)
CPU,262144,4,37169408,37.169408,191.7918701171875,,32768.0,,,,,,time,blocked: lower width failed at stages=8192 (time limit)
CPU,524288,4,73869568,73.869568,381.7918701171875,,32768.0,,,,,,time,blocked: lower width failed at stages=8192 (time limit)
CPU,1048576,4,147269888,147.269888,761.7918701171875,,32768.0,,,,,,time,blocked: lower width failed at stages=8192 (time limit)
CPU,0,8,470928,0.470928,1.798431396484375,0.0,32768.0,66.0552000044845,69.21799999690847,68.71414999841363,68.11912999983178,1.1635358644378768,,
CPU,1,8,471368,0.471368,1.8004531860351562,0.0,32768.0,66.81470000330592,74.39999999769498,69.2781500001729,69.71567000000505,1.912852330601569,,
CPU,2,8,471808,0.471808,1.8024749755859375,0.0,32768.0,65.80070000200067,71.1860000010347,69.40844999917317,69.04068000076222,1.509438859348135,,
CPU,4,8,472688,0.472688,1.8065185546875,0.0,32768.0,66.9147000007797,71.28080000256887,68.92510000034235,69.04488000000129,1.3244799757662644,,
CPU,8,8,474448,0.474448,1.814605712890625,0.0,32768.0,68.7915000016801,77.65590000053635,70.10615000035614,70.68449999933364,2.4706434919970457,,
CPU,16,8,477968,0.477968,1.830780029296875,0.0,32768.0,70.16319999820553,75.17440000083297,71.6318000049796,71.94076999949175,1.3809789090775852,,
CPU,32,8,485008,0.485008,1.863128662109375,0.0,32768.0,71.38120000308845,75.6044000008842,74.36269999743672,73.88151999984984,1.4548738129425984,,
CPU,64,8,499088,0.499088,1.927825927734375,0.0,32768.0,75.64999999885913,82.16109999921173,78.35315000193077,78.63183000081335,1.9327741449300573,,
CPU,128,8,527248,0.527248,2.057220458984375,0.0,32768.0,86.07299999857787,92.91530000336934,89.63465000124415,89.12111000026925,2.2681225798639013,,
CPU,256,8,583568,0.583568,2.316009521484375,0.0,32768.0,106.17819999606581,113.34929999429733,108.37650000030408,109.43554999830667,2.719325078338665,,
CPU,512,8,696208,0.696208,2.833587646484375,0.0,32768.0,144.84320000337902,157.38240000064252,152.40914999958477,151.40131000007386,3.275629925990145,,
CPU,1024,8,921488,0.921488,3.868743896484375,0.0,32768.0,225.82799999509007,247.35759999748552,238.54660000142758,238.03025000015623,5.420389335085995,,
CPU,2048,8,1372048,1.372048,5.939056396484375,0.0,32768.0,393.70469999994384,418.4298999971361,405.37489999769605,405.6100699999661,7.682545464349227,,
CPU,4096,8,2273168,2.273168,10.079681396484375,0.0,32768.0,713.0593999972916,754.8155999975279,735.9619999951974,733.5549099982018,13.375984851158684,,
CPU,8192,8,4075408,4.075408,18.360931396484375,,32768.0,,,,,,time,blocked: lower width failed at stages=8192 (time limit)
CPU,16384,8,7679888,7.679888,34.923431396484375,,32768.0,,,,,,time,blocked: lower width failed at stages=8192 (time limit)
CPU,32768,8,14888848,14.888848,68.04843139648438,,32768.0,,,,,,time,blocked: lower width failed at stages=8192 (time limit)
CPU,65536,8,29306768,29.306768,134.29843139648438,,32768.0,,,,,,time,blocked: lower width failed at stages=8192 (time limit)
CPU,131072,8,58142608,58.142608,266.7984313964844,,32768.0,,,,,,time,blocked: lower width failed at stages=8192 (time limit)
CPU,262144,8,115814288,115.814288,531.7984313964844,,32768.0,,,,,,time,blocked: lower width failed at stages=8192 (time limit)
CPU,524288,8,231157648,231.157648,1061.7984313964844,,32768.0,,,,,,time,blocked: lower width failed at stages=8192 (time limit)
CPU,1048576,8,461844368,461.844368,2121.7984313964844,,32768.0,,,,,,time,blocked: lower width failed at stages=8192 (time limit)
CPU,0,16,474288,0.474288,1.811553955078125,0.0,32768.0,66.57950000226265,72.55060000170488,68.86829999712063,69.37221000043792,2.1250096206016136,,
CPU,1,16,475808,0.475808,1.8180007934570312,0.0,32768.0,66.65080000675516,74.80309999664314,70.96889999957057,70.50149000060628,2.326569582975912,,
CPU,2,16,477328,0.477328,1.8244476318359375,0.0,32768.0,67.91399999929126,73.42049999715528,69.55145000392804,69.80136000056518,1.5672676093519824,,
CPU,4,16,480368,0.480368,1.83734130859375,0.0,32768.0,68.72650000150315,76.74430000042776,70.91570000193315,71.37941000182764,2.1113868788189447,,
CPU,8,16,486448,0.486448,1.863128662109375,0.0,32768.0,71.48890000098618,75.40579999476904,72.62995000201045,72.81144000007771,1.0820140103478015,,
CPU,16,16,498608,0.498608,1.914703369140625,0.0,32768.0,74.38370000454597,82.29549999668961,75.94555000105174,76.90285999997286,2.5183217372468523,,
CPU,32,16,522928,0.522928,2.017852783203125,0.0,32768.0,80.88000000134343,86.42279999912716,83.49635000195121,83.68208000101731,1.6995113940674729,,
CPU,64,16,571568,0.571568,2.224151611328125,0.0,32768.0,94.3219999971916,101.71270000137156,98.14585000276566,97.89733000070555,2.1909506849580245,,
CPU,128,16,668848,0.668848,2.636749267578125,0.0,32768.0,120.42359999759356,130.24560000485508,126.84385000102338,126.41825000027893,3.387376202525657,,
CPU,256,16,863408,0.863408,3.461944580078125,0.0,32768.0,180.1761999959126,189.40290000318782,185.80864999967162,185.86702999964473,2.8183220076451723,,
CPU,512,16,1252528,1.252528,5.112335205078125,0.0,32768.0,292.0077000017045,314.47949999710545,303.9397499996994,302.88479999944684,7.531031511820098,,
CPU,1024,16,2030768,2.030768,8.413116455078125,0.0,32768.0,522.5114999993821,562.0535000052769,540.0960000006307,539.8618000013812,13.57203522265644,,
CPU,2048,16,3587248,3.587248,15.014678955078125,,32768.0,,,,,,time,run took 1023.81 ms (> 1000 ms)
CPU,4096,16,6700208,6.700208,28.217803955078125,,32768.0,,,,,,time,blocked: lower width failed at stages=2048 (time limit)
CPU,8192,16,12926128,12.926128,54.624053955078125,,32768.0,,,,,,time,blocked: lower width failed at stages=2048 (time limit)
CPU,16384,16,25377968,25.377968,107.43655395507812,,32768.0,,,,,,time,blocked: lower width failed at stages=2048 (time limit)
CPU,32768,16,50281648,50.281648,213.06155395507812,,32768.0,,,,,,time,blocked: lower width failed at stages=2048 (time limit)
CPU,65536,16,100089008,100.089008,424.3115539550781,,32768.0,,,,,,time,blocked: lower width failed at stages=2048 (time limit)
CPU,131072,16,199703728,199.703728,846.8115539550781,,32768.0,,,,,,time,blocked: lower width failed at stages=2048 (time limit)
CPU,262144,16,398933168,398.933168,1691.8115539550781,,32768.0,,,,,,time,blocked: lower width failed at stages=2048 (time limit)
CPU,524288,16,797392048,797.392048,3381.811553955078,,32768.0,,,,,,time,blocked: lower width failed at stages=2048 (time limit)
CPU,1048576,16,1594309808,1594.309808,6761.811553955078,,32768.0,,,,,,time,blocked: lower width failed at stages=2048 (time limit)
CPU,0,32,481008,0.481008,1.837799072265625,0.0,32768.0,66.4489999981015,72.93999999819789,69.6003999983077,69.52376000044751,2.030031067175576,,
CPU,1,32,486608,0.486608,1.8604202270507812,0.0,32768.0,67.6381000012043,73.42980000248645,69.48189999820897,70.07767999966745,1.9076523429742305,,
CPU,2,32,492208,0.492208,1.8830413818359375,0.0,32768.0,68.33809999807272,75.70540000597248,70.97480000084033,71.29896000042208,2.063233935677422,,
CPU,4,32,503408,0.503408,1.92828369140625,0.0,32768.0,66.50929999887012,73.93790000060108,69.26045000000158,69.63146000125562,1.9017694469799367,,
CPU,8,32,525808,0.525808,2.018768310546875,0.0,32768.0,70.05799999751616,76.90010000078473,73.03844999478315,72.80523999870638,2.165046702248561,,
CPU,16,32,570608,0.570608,2.199737548828125,0.0,32768.0,74.7380000029807,83.51959999708924,76.89579999714624,77.91943999909563,2.5619463784410264,,
CPU,32,32,660208,0.660208,2.561676025390625,0.0,32768.0,81.72440000635106,88.43509999860544,84.44279999821447,84.6040800002811,1.7166706707806891,,
CPU,64,32,839408,0.839408,3.285552978515625,0.0,32768.0,96.18469999986701,104.85649999463931,100.7865000028687,101.05031999992207,2.5186752664998897,,
CPU,128,32,1197808,1.197808,4.733306884765625,0.0,32768.0,129.1780999963521,144.11699999618577,138.12280000274768,137.00021999975434,5.075500984493074,,
CPU,256,32,1914608,1.914608,7.628814697265625,0.0,32768.0,200.6007000018144,237.49099999986356,209.85540000037872,213.0103199997393,12.46863534875048,,
CPU,512,32,3348208,3.348208,13.419830322265625,0.0,32768.0,328.3147999973153,349.8585000052117,341.0360000016226,340.41295000133687,6.388974340523753,,
CPU,1024,32,6215408,6.215408,25.001861572265625,0.0,32768.0,606.1445000013919,625.573199999053,613.286000003427,613.7271900006454,4.958439417876216,,
CPU,2048,32,11949808,11.949808,48.165924072265625,,32768.0,,,,,,time,blocked: lower width failed at stages=2048 (time limit)
CPU,4096,32,23418608,23.418608,94.49404907226562,,32768.0,,,,,,time,blocked: lower width failed at stages=2048 (time limit)
CPU,8192,32,46356208,46.356208,187.15029907226562,,32768.0,,,,,,time,blocked: lower width failed at stages=2048 (time limit)
CPU,16384,32,92231408,92.231408,372.4627990722656,,32768.0,,,,,,time,blocked: lower width failed at stages=2048 (time limit)
CPU,32768,32,183981808,183.981808,743.0877990722656,,32768.0,,,,,,time,blocked: lower width failed at stages=2048 (time limit)
CPU,65536,32,367482608,367.482608,1484.3377990722656,,32768.0,,,,,,time,blocked: lower width failed at stages=2048 (time limit)
CPU,131072,32,734484208,734.484208,2966.8377990722656,,32768.0,,,,,,time,blocked: lower width failed at stages=2048 (time limit)
CPU,262144,32,1468487408,1468.487408,5931.837799072266,,32768.0,,,,,,time,blocked: lower width failed at stages=2048 (time limit)
CPU,524288,32,2936493808,2936.493808,11861.837799072266,,32768.0,,,,,,time,blocked: lower width failed at stages=2048 (time limit)
CPU,1048576,32,5872506608,5872.506608,23721.837799072266,,32768.0,,,,,,time,blocked: lower width failed at stages=2048 (time limit)
CPU,0,64,494448,0.494448,1.890289306640625,0.0,32768.0,67.16880000021774,70.19720000243979,68.00390000353218,68.14441000169609,0.81660013428066,,
CPU,1,64,515888,0.515888,1.9745559692382812,0.0,32768.0,66.65539999812609,74.08610000129556,69.29239999954007,69.89200000025448,2.1665118592101935,,
CPU,2,64,537328,0.537328,2.0588226318359375,0.0,32768.0,67.31589999981225,79.72610000433633,71.0048500004632,71.4056700002402,3.166564246259334,,
CPU,4,64,580208,0.580208,2.22735595703125,0.0,32768.0,69.4669000004069,75.59860000037588,71.5679499990074,72.03881999957957,2.016868545141805,,
CPU,8,64,665968,0.665968,2.564422607421875,0.0,32768.0,72.48429999890504,78.36739999765996,74.59290000042529,74.89272999882814,1.8774128223582953,,
CPU,16,64,837488,0.837488,3.238555908203125,0.0,32768.0,76.59820000117179,84.24099999683676,79.36889999837149,79.71304999882705,1.9605099019253773,,
CPU,32,64,1180528,1.180528,4.586822509765625,0.0,32768.0,86.99679999699583,93.18199999688659,90.8385000002454,90.28056000024662,2.0161878963043827,,
CPU,64,64,1866608,1.866608,7.283355712890625,0.0,32768.0,106.8405999976676,116.25749999802792,110.78300000008312,111.24485000036657,3.0758456270864074,,
CPU,128,64,3238768,3.238768,12.676422119140625,0.0,32768.0,154.31649999663932,164.56009999819798,157.91454999998678,158.95686999938334,3.7889414591207453,,
CPU,256,64,5983088,5.983088,23.462554931640625,0.0,32768.0,234.86350000166567,243.47609999676934,240.7192999999097,239.91273999927216,2.819190388957944,,
CPU,512,64,11471728,11.471728,45.034820556640625,0.0,32768.0,403.76410000317264,424.2080000040005,411.43865000412916,412.58005000127014,5.971895050559677,,
CPU,1024,64,22449008,22.449008,88.17935180664062,0.0,32768.0,751.2392999997246,776.8625000026077,759.7751499997685,762.0925399991393,9.72448154208915,,
CPU,2048,64,44403568,44.403568,174.46841430664062,,32768.0,,,,,,time,blocked: lower width failed at stages=2048 (time limit)
CPU,4096,64,88312688,88.312688,347.0465393066406,,32768.0,,,,,,time,blocked: lower width failed at stages=2048 (time limit)
CPU,8192,64,176130928,176.130928,692.2027893066406,,32768.0,,,,,,time,blocked: lower width failed at stages=2048 (time limit)
CPU,16384,64,351767408,351.767408,1382.5152893066406,,32768.0,,,,,,time,blocked: lower width failed at stages=2048 (time limit)
CPU,32768,64,703040368,703.040368,2763.1402893066406,,32768.0,,,,,,time,blocked: lower width failed at stages=2048 (time limit)
CPU,65536,64,1405586288,1405.586288,5524.390289306641,,32768.0,,,,,,time,blocked: lower width failed at stages=2048 (time limit)
CPU,131072,64,2810678128,2810.678128,11046.89028930664,,32768.0,,,,,,time,blocked: lower width failed at stages=2048 (time limit)
CPU,262144,64,5620861808,5620.861808,22091.89028930664,,32768.0,,,,,,time,blocked: lower width failed at stages=2048 (time limit)
CPU,524288,64,11241229168,11241.229168,44181.89028930664,,32768.0,,,,,,oom,pre-run: model size >= 32768 MiB (est. 44182 MiB)
CPU,1048576,64,22481963888,22481.963888,88361.89028930664,,32768.0,,,,,,oom,pre-run: model size >= 32768 MiB (est. 88362 MiB)
CPU,0,128,521328,0.521328,1.995269775390625,0.0,32768.0,67.77490000240505,73.7202000018442,70.40609999967273,70.52670999910333,2.1452542462412154,,
CPU,1,128,605168,0.605168,2.3200149536132812,0.0,32768.0,66.96760000340873,77.05119999445742,71.53824999841163,71.49406999815255,2.8086867132548736,,
CPU,2,128,689008,0.689008,2.6447601318359375,0.0,32768.0,69.71530000009807,74.21239999530371,71.16135000251234,71.43156000165618,1.3623862348716413,,
CPU,4,128,856688,0.856688,3.29425048828125,0.0,32768.0,70.00580000021728,77.11189999827184,72.73415000236128,73.00426000074367,2.070215851854765,,
CPU,8,128,1192048,1.192048,4.593231201171875,0.0,32768.0,74.28490000165766,80.72589999937918,79.34695000221836,78.97963999930653,1.8479746585741097,,
CPU,16,128,1862768,1.862768,7.191192626953125,0.0,32768.0,82.89330000116024,93.05920000042534,89.39029999601189,88.94716999930097,2.6725216365762834,,
CPU,32,128,3204208,3.204208,12.387115478515625,0.0,32768.0,105.02780000388157,111.22849999810569,109.36420000143698,109.05596000084188,1.8134336751127333,,
CPU,64,128,5887088,5.887088,22.778961181640625,0.0,32768.0,129.00989999616286,148.93980000488227,139.53185000355006,139.56693000072846,5.139017267385374,,
CPU,128,128,11252848,11.252848,43.562652587890625,0.0,32768.0,206.63889999559615,221.6760000010254,212.91790000032051,213.13887999931467,3.561305537391078,,
CPU,256,128,21984368,21.984368,85.13003540039062,0.0,32768.0,324.2498000035994,355.77800000464777,349.7203000006266,347.5245400019048,8.242949571195355,,
CPU,512,128,43447408,43.447408,168.26480102539062,0.0,32768.0,607.9480999978841,643.0935000025784,631.8002499974682,630.2863199984131,10.021015542222928,,
CPU,1024,128,86373488,86.373488,334.5343322753906,,32768.0,,,,,,time,run took 1191.04 ms (> 1000 ms)
CPU,2048,128,172225648,172.225648,667.0733947753906,,32768.0,,,,,,time,blocked: lower width failed at stages=1024 (time limit)
CPU,4096,128,343929968,343.929968,1332.1515197753906,,32768.0,,,,,,time,blocked: lower width failed at stages=1024 (time limit)
CPU,8192,128,687338608,687.338608,2662.3077697753906,,32768.0,,,,,,time,blocked: lower width failed at stages=1024 (time limit)
CPU,16384,128,1374155888,1374.155888,5322.620269775391,,32768.0,,,,,,time,blocked: lower width failed at stages=1024 (time limit)
CPU,32768,128,2747790448,2747.790448,10643.24526977539,,32768.0,,,,,,time,blocked: lower width failed at stages=1024 (time limit)
CPU,65536,128,5495059568,5495.059568,21284.49526977539,,32768.0,,,,,,time,blocked: lower width failed at stages=1024 (time limit)
CPU,131072,128,10989597808,10989.597808,42566.99526977539,,32768.0,,,,,,oom,pre-run: model size >= 32768 MiB (est. 42567 MiB)
CPU,262144,128,21978674288,21978.674288,85131.99526977539,,32768.0,,,,,,oom,pre-run: model size >= 32768 MiB (est. 85132 MiB)
CPU,524288,128,43956827248,43956.827248,170261.9952697754,,32768.0,,,,,,oom,pre-run: model size >= 32768 MiB (est. 170262 MiB)
CPU,1048576,128,87913133168,87913.133168,340521.9952697754,,32768.0,,,,,,oom,pre-run: model size >= 32768 MiB (est. 340522 MiB)
CPU,0,256,575088,0.575088,2.205230712890625,0.0,32768.0,67.81559999944875,74.9357999957283,70.62054999914835,70.91657999844756,2.0039146243464323,,
CPU,1,256,906608,0.906608,3.4796829223632812,0.0,32768.0,68.638100005046,78.9747000017087,71.38329999725102,72.18462000018917,2.5734497459165095,,
CPU,2,256,1238128,1.238128,4.7541351318359375,0.0,32768.0,73.15419999940787,79.91039999615168,75.65644999704091,75.90037999907508,1.8790978824053874,,
CPU,4,256,1901168,1.901168,7.30303955078125,0.0,32768.0,78.13220000389265,86.63689999957569,81.06024999869987,81.40800000110175,2.1644650753023167,,
CPU,8,256,3227248,3.227248,12.400848388671875,0.0,32768.0,87.67429999716114,96.60180000355467,94.01615000024321,92.75440000128583,3.399760333799205,,
CPU,16,256,5879408,5.879408,22.596466064453125,0.0,32768.0,108.44209999777377,121.38029999914579,117.9548000000068,116.25416000024416,3.9065729782106255,,
CPU,32,256,11183728,11.183728,42.987701416015625,0.0,32768.0,149.53550000063842,170.15800000081072,161.9592500028375,161.95287000082317,5.639114160454144,,
CPU,64,256,21792368,21.792368,83.77017211914062,0.0,32768.0,245.66029999550665,273.8145999974222,258.8036499982991,257.181919998402,8.26697975888252,,
CPU,128,256,43009648,43.009648,165.33511352539062,0.0,32768.0,433.0148000008194,461.6152000016882,443.6717000025965,445.31339000022854,9.705277419155925,,
CPU,256,256,85444208,85.444208,328.4649963378906,0.0,32768.0,774.6282999942196,829.2242000024999,812.645550002344,807.384369999636,17.971288239405183,,
CPU,512,256,170313328,170.313328,654.7247619628906,,32768.0,,,,,,time,run took 1588.60 ms (> 1000 ms)
CPU,1024,256,340051568,340.051568,1307.2442932128906,,32768.0,,,,,,time,blocked: lower width failed at stages=512 (time limit)
CPU,2048,256,679528048,679.528048,2612.2833557128906,,32768.0,,,,,,time,blocked: lower width failed at stages=512 (time limit)
CPU,4096,256,1358481008,1358.481008,5222.361480712891,,32768.0,,,,,,time,blocked: lower width failed at stages=512 (time limit)
CPU,8192,256,2716386928,2716.386928,10442.51773071289,,32768.0,,,,,,time,blocked: lower width failed at stages=512 (time limit)
CPU,16384,256,5432198768,5432.198768,20882.83023071289,,32768.0,,,,,,time,blocked: lower width failed at stages=512 (time limit)
CPU,32768,256,10863822448,10863.822448,41763.45523071289,,32768.0,,,,,,oom,pre-run: model size >= 32768 MiB (est. 41763 MiB)
CPU,65536,256,21727069808,21727.069808,83524.70523071289,,32768.0,,,,,,oom,pre-run: model size >= 32768 MiB (est. 83525 MiB)
CPU,131072,256,43453564528,43453.564528,167047.2052307129,,32768.0,,,,,,oom,pre-run: model size >= 32768 MiB (est. 167047 MiB)
CPU,262144,256,86906553968,86906.553968,334092.2052307129,,32768.0,,,,,,oom,pre-run: model size >= 32768 MiB (est. 334092 MiB)
CPU,524288,256,173812532848,173812.532848,668182.2052307129,,32768.0,,,,,,oom,pre-run: model size >= 32768 MiB (est. 668182 MiB)
CPU,1048576,256,347624490608,347624.490608,1336362.205230713,,32768.0,,,,,,oom,pre-run: model size >= 32768 MiB (est. 1336362 MiB)
CPU,0,512,682608,0.682608,2.625152587890625,0.0,32768.0,67.9738000035286,72.56940000661416,70.36515000072541,70.4617400013376,1.3118939337331779,,
CPU,1,512,2001008,2.001008,7.674018859863281,0.0,32768.0,78.29789999959758,86.59360000456218,82.6167000013811,82.3984799993923,2.173715743553324,,
CPU,2,512,3319408,3.319408,12.722885131835938,0.0,32768.0,80.99940000101924,92.84160000242991,89.51745000013034,88.2535899982031,3.8393840678307405,,
CPU,4,512,5956208,5.956208,22.82061767578125,0.0,32768.0,92.71509999962291,118.87849999766331,103.3080000015616,104.56030999994255,8.312747473825606,,
CPU,8,512,11229808,11.229808,43.016082763671875,0.0,32768.0,124.46270000509685,157.7742000008584,144.212150000385,143.11551000064355,9.288011189320729,,
CPU,16,512,21777008,21.777008,83.40701293945312,0.0,32768.0,195.07449999946402,225.7164999973611,220.03780000159168,216.16526000070735,9.455439422219303,,
CPU,32,512,42871408,42.871408,164.18887329101562,0.0,32768.0,330.9797999972943,392.3118999955477,350.8327500021551,355.9898499996052,19.740143329051325,,
CPU,64,512,85060208,85.060208,325.7525939941406,0.0,32768.0,579.0613999997731,678.6724999983562,651.7520999987028,650.427800000034,27.270693150843623,,
CPU,128,512,169437808,169.437808,648.8800354003906,,32768.0,,,,,,time,run took 1272.34 ms (> 1000 ms)
CPU,256,512,338193008,338.193008,1295.1349182128906,,32768.0,,,,,,time,blocked: lower width failed at stages=128 (time limit)
CPU,512,512,675703408,675.703408,2587.6446838378906,,32768.0,,,,,,time,blocked: lower width failed at stages=128 (time limit)
CPU,1024,512,1350724208,1350.724208,5172.664215087891,,32768.0,,,,,,time,blocked: lower width failed at stages=128 (time limit)
CPU,2048,512,2700765808,2700.765808,10342.70327758789,,32768.0,,,,,,time,blocked: lower width failed at stages=128 (time limit)
CPU,4096,512,5400849008,5400.849008,20682.78140258789,,32768.0,,,,,,time,blocked: lower width failed at stages=128 (time limit)
CPU,8192,512,10801015408,10801.015408,41362.93765258789,,32768.0,,,,,,oom,pre-run: model size >= 32768 MiB (est. 41363 MiB)
CPU,16384,512,21601348208,21601.348208,82723.25015258789,,32768.0,,,,,,oom,pre-run: model size >= 32768 MiB (est. 82723 MiB)
CPU,32768,512,43202013808,43202.013808,165443.8751525879,,32768.0,,,,,,oom,pre-run: model size >= 32768 MiB (est. 165444 MiB)
CPU,65536,512,86403345008,86403.345008,330885.1251525879,,32768.0,,,,,,oom,pre-run: model size >= 32768 MiB (est. 330885 MiB)
CPU,131072,512,172806007408,172806.007408,661767.6251525879,,32768.0,,,,,,oom,pre-run: model size >= 32768 MiB (est. 661768 MiB)
CPU,262144,512,345611332208,345611.332208,1323532.625152588,,32768.0,,,,,,oom,pre-run: model size >= 32768 MiB (est. 1323533 MiB)
CPU,524288,512,691221981808,691221.981808,2647062.625152588,,32768.0,,,,,,oom,pre-run: model size >= 32768 MiB (est. 2647063 MiB)
CPU,1048576,512,1382443281008,1382443.281008,5294122.625152588,,32768.0,,,,,,oom,pre-run: model size >= 32768 MiB (est. 5294123 MiB)
CPU,0,1024,897648,0.897648,3.464996337890625,0.0,32768.0,71.21480000205338,75.04730000073323,73.61289999971632,73.6559999997553,0.9860993689352852,,
CPU,1,1024,6155888,6.155888,23.56269073486328,0.0,32768.0,99.77690000232542,117.09419999533566,105.9360499966715,106.53932999848621,5.398555241185148,,
CPU,2,1024,11414128,11.414128,43.66038513183594,0.0,32768.0,125.80960000195773,155.2869000006467,139.02770000277087,140.1024500002677,8.73569927180532,,
CPU,4,1024,21930608,21.930608,83.85577392578125,0.0,32768.0,176.7524000024423,222.44010000576964,196.1878500005696,196.3502700011304,13.255894660001353,,
CPU,8,1024,42963568,42.963568,164.24655151367188,0.0,32768.0,289.2822000067099,336.2297999992734,321.02579999991576,316.7955400007486,14.358337575883038,,
CPU,16,1024,85029488,85.029488,325.0281066894531,0.0,32768.0,530.2005000048666,617.9226000022027,572.291349999432,571.6735699999845,27.048436840012524,,
CPU,32,1024,169161328,169.161328,646.5912170410156,,32768.0,,,,,,time,run took 1081.56 ms (> 1000 ms)
CPU,64,1024,337425008,337.425008,1289.7174377441406,,32768.0,,,,,,time,blocked: lower width failed at stages=32 (time limit)
CPU,128,1024,673952368,673.952368,2575.9698791503906,,32768.0,,,,,,time,blocked: lower width failed at stages=32 (time limit)
CPU,256,1024,1347007088,1347.007088,5148.474761962891,,32768.0,,,,,,time,blocked: lower width failed at stages=32 (time limit)
CPU,512,1024,2693116528,2693.116528,10293.48452758789,,32768.0,,,,,,time,blocked: lower width failed at stages=32 (time limit)
CPU,1024,1024,5385335408,5385.335408,20583.50405883789,,32768.0,,,,,,time,blocked: lower width failed at stages=32 (time limit)
CPU,2048,1024,10769773168,10769.773168,41163.54312133789,,32768.0,,,,,,oom,pre-run: model size >= 32768 MiB (est. 41164 MiB)
CPU,4096,1024,21538648688,21538.648688,82323.62124633789,,32768.0,,,,,,oom,pre-run: model size >= 32768 MiB (est. 82324 MiB)
CPU,8192,1024,43076399728,43076.399728,164643.7774963379,,32768.0,,,,,,oom,pre-run: model size >= 32768 MiB (est. 164644 MiB)
CPU,16384,1024,86151901808,86151.901808,329284.0899963379,,32768.0,,,,,,oom,pre-run: model size >= 32768 MiB (est. 329284 MiB)
CPU,32768,1024,172302905968,172302.905968,658564.7149963379,,32768.0,,,,,,oom,pre-run: model size >= 32768 MiB (est. 658565 MiB)
CPU,65536,1024,344604914288,344604.914288,1317125.964996338,,32768.0,,,,,,oom,pre-run: model size >= 32768 MiB (est. 1317126 MiB)
CPU,131072,1024,689208930928,689208.930928,2634248.464996338,,32768.0,,,,,,oom,pre-run: model size >= 32768 MiB (est. 2634248 MiB)
CPU,262144,1024,1378416964208,1378416.964208,5268493.464996338,,32768.0,,,,,,oom,pre-run: model size >= 32768 MiB (est. 5268493 MiB)
CPU,524288,1024,2756833030768,2756833.030768,10536983.464996338,,32768.0,,,,,,oom,pre-run: model size >= 32768 MiB (est. 10536983 MiB)
CPU,1048576,1024,5513665163888,5513665.163888,21073963.464996338,,32768.0,,,,,,oom,pre-run: model size >= 32768 MiB (est. 21073963 MiB)
CPU,0,2048,1327728,1.327728,5.144683837890625,0.0,32768.0,76.84670000162441,83.99800000188407,80.92989999931888,80.43745000104536,2.39650464518056,,
CPU,1,2048,22329968,22.329968,85.34003448486328,0.0,32768.0,184.34420000266982,208.0820000046515,198.17210000110208,197.14157999987947,7.355037235722845,,
CPU,2,2048,43332208,43.332208,165.53538513183594,0.0,32768.0,286.14209999796003,324.0028000000166,309.7446499996295,306.657709999854,13.895325658365046,,
CPU,4,2048,85336688,85.336688,325.92608642578125,0.0,32768.0,473.488499999803,581.0233000011067,548.8540999976976,545.4692899998918,32.808387573186955,,
CPU,8,2048,169345648,169.345648,646.7074890136719,,32768.0,,,,,,time,run took 1025.96 ms (> 1000 ms)
CPU,16,2048,337363568,337.363568,1288.2702941894531,,32768.0,,,,,,time,blocked: lower width failed at stages=8 (time limit)
CPU,32,2048,673399408,673.399408,2571.3959045410156,,32768.0,,,,,,time,blocked: lower width failed at stages=8 (time limit)
CPU,64,2048,1345471088,1345.471088,5137.647125244141,,32768.0,,,,,,time,blocked: lower width failed at stages=8 (time limit)
CPU,128,2048,2689614448,2689.614448,10270.14956665039,,32768.0,,,,,,time,blocked: lower width failed at stages=8 (time limit)
CPU,256,2048,5377901168,5377.901168,20535.15444946289,,32768.0,,,,,,time,blocked: lower width failed at stages=8 (time limit)
CPU,512,2048,10754474608,10754.474608,41065.16421508789,,32768.0,,,,,,oom,pre-run: model size >= 32768 MiB (est. 41065 MiB)
CPU,1024,2048,21507621488,21507.621488,82125.18374633789,,32768.0,,,,,,oom,pre-run: model size >= 32768 MiB (est. 82125 MiB)
CPU,2048,2048,43013915248,43013.915248,164245.2228088379,,32768.0,,,,,,oom,pre-run: model size >= 32768 MiB (est. 164245 MiB)
CPU,4096,2048,86026502768,86026.502768,328485.3009338379,,32768.0,,,,,,oom,pre-run: model size >= 32768 MiB (est. 328485 MiB)
CPU,8192,2048,172051677808,172051.677808,656965.4571838379,,32768.0,,,,,,oom,pre-run: model size >= 32768 MiB (est. 656965 MiB)
CPU,16384,2048,344102027888,344102.027888,1313925.769683838,,32768.0,,,,,,oom,pre-run: model size >= 32768 MiB (est. 1313926 MiB)
CPU,32768,2048,688202728048,688202.728048,2627846.394683838,,32768.0,,,,,,oom,pre-run: model size >= 32768 MiB (est. 2627846 MiB)
CPU,65536,2048,1376404128368,1376404.128368,5255687.644683838,,32768.0,,,,,,oom,pre-run: model size >= 32768 MiB (est. 5255688 MiB)
CPU,131072,2048,2752806929008,2752806.929008,10511370.144683838,,32768.0,,,,,,oom,pre-run: model size >= 32768 MiB (est. 10511370 MiB)
CPU,262144,2048,5505612530288,5505612.530288,21022735.144683838,,32768.0,,,,,,oom,pre-run: model size >= 32768 MiB (est. 21022735 MiB)
CPU,524288,2048,11011223732848,11011223.732848,42045465.14468384,,32768.0,,,,,,oom,pre-run: model size >= 32768 MiB (est. 42045465 MiB)
CPU,1048576,2048,22022446137968,22022446.137968,84090925.14468384,,32768.0,,,,,,oom,pre-run: model size >= 32768 MiB (est. 84090925 MiB)
CPU,0,4096,2187888,2.187888,8.504058837890625,0.0,32768.0,92.64629999961471,98.64809999999125,94.10580000258051,94.49441000106162,1.777232412418394,,
CPU,1,4096,86135408,86.135408,328.8947219848633,0.0,32768.0,481.84660000697477,531.3347999981488,509.96500000110245,505.8586100007233,16.617232259184103,,
CPU,2,4096,170082928,170.082928,649.2853851318359,0.0,32768.0,893.9965000026859,974.1340000036871,908.3006500004558,916.0392700010561,24.703455557658767,,
CPU,4,4096,337977968,337.977968,1290.0667114257812,,32768.0,,,,,,time,run took 1784.38 ms (> 1000 ms)
CPU,8,4096,673768048,673.768048,2571.629364013672,,32768.0,,,,,,time,blocked: lower width failed at stages=4 (time limit)
CPU,16,4096,1345348208,1345.348208,5134.754669189453,,32768.0,,,,,,time,blocked: lower width failed at stages=4 (time limit)
CPU,32,4096,2688508528,2688.508528,10261.005279541016,,32768.0,,,,,,time,blocked: lower width failed at stages=4 (time limit)
CPU,64,4096,5374829168,5374.829168,20513.50650024414,,32768.0,,,,,,time,blocked: lower width failed at stages=4 (time limit)
CPU,128,4096,10747470448,10747.470448,41018.50894165039,,32768.0,,,,,,oom,pre-run: model size >= 32768 MiB (est. 41019 MiB)
CPU,256,4096,21492753008,21492.753008,82028.51382446289,,32768.0,,,,,,oom,pre-run: model size >= 32768 MiB (est. 82029 MiB)
CPU,512,4096,42983318128,42983.318128,164048.5235900879,,32768.0,,,,,,oom,pre-run: model size >= 32768 MiB (est. 164049 MiB)
CPU,1024,4096,85964448368,85964.448368,328088.5431213379,,32768.0,,,,,,oom,pre-run: model size >= 32768 MiB (est. 328089 MiB)
CPU,2048,4096,171926708848,171926.708848,656168.5821838379,,32768.0,,,,,,oom,pre-run: model size >= 32768 MiB (est. 656169 MiB)
CPU,4096,4096,343851229808,343851.229808,1312328.660308838,,32768.0,,,,,,oom,pre-run: model size >= 32768 MiB (est. 1312329 MiB)
CPU,8192,4096,687700271728,687700.271728,2624648.816558838,,32768.0,,,,,,oom,pre-run: model size >= 32768 MiB (est. 2624649 MiB)
CPU,16384,4096,1375398355568,1375398.355568,5249289.129058838,,32768.0,,,,,,oom,pre-run: model size >= 32768 MiB (est. 5249289 MiB)
CPU,32768,4096,2750794523248,2750794.523248,10498569.754058838,,32768.0,,,,,,oom,pre-run: model size >= 32768 MiB (est. 10498570 MiB)
CPU,65536,4096,5501586858608,5501586.858608,20997131.004058838,,32768.0,,,,,,oom,pre-run: model size >= 32768 MiB (est. 20997131 MiB)
CPU,131072,4096,11003171529328,11003171.529328,41994253.50405884,,32768.0,,,,,,oom,pre-run: model size >= 32768 MiB (est. 41994254 MiB)
CPU,262144,4096,22006340870768,22006340.870768,83988498.50405884,,32768.0,,,,,,oom,pre-run: model size >= 32768 MiB (est. 83988499 MiB)
CPU,524288,4096,44012679553648,44012679.553648,167976988.50405884,,32768.0,,,,,,oom,pre-run: model size >= 32768 MiB (est. 167976989 MiB)
CPU,1048576,4096,88025356919408,88025356.919408,335953968.50405884,,32768.0,,,,,,oom,pre-run: model size >= 32768 MiB (est. 335953969 MiB)
CPU,0,8192,3908208,3.908208,15.222808837890625,0.0,32768.0,126.08990000444464,133.78959999681683,129.54050000189454,129.71644000062952,2.418406248205342,,
CPU,1,8192,339575408,339.575408,1296.0040969848633,,32768.0,,,,,,time,run took 1700.48 ms (> 1000 ms)
CPU,2,8192,675242608,675.242608,2576.785385131836,,32768.0,,,,,,time,blocked: lower width failed at stages=1 (time limit)
CPU,4,8192,1346577008,1346.577008,5138.347961425781,,32768.0,,,,,,time,blocked: lower width failed at stages=1 (time limit)
CPU,8,8192,2689245808,2689.245808,10261.473114013672,,32768.0,,,,,,time,blocked: lower width failed at stages=1 (time limit)
CPU,16,8192,5374583408,5374.583408,20507.723419189453,,32768.0,,,,,,time,blocked: lower width failed at stages=1 (time limit)
CPU,32,8192,10745258608,10745.258608,41000.224029541016,,32768.0,,,,,,oom,pre-run: model size >= 32768 MiB (est. 41000 MiB)
CPU,64,8192,21486609008,21486.609008,81985.22525024414,,32768.0,,,,,,oom,pre-run: model size >= 32768 MiB (est. 81985 MiB)
CPU,128,8192,42969309808,42969.309808,163955.2276916504,,32768.0,,,,,,oom,pre-run: model size >= 32768 MiB (est. 163955 MiB)
CPU,256,8192,85934711408,85934.711408,327895.2325744629,,32768.0,,,,,,oom,pre-run: model size >= 32768 MiB (est. 327895 MiB)
CPU,512,8192,171865514608,171865.514608,655775.2423400879,,32768.0,,,,,,oom,pre-run: model size >= 32768 MiB (est. 655775 MiB)
CPU,1024,8192,343727121008,343727.121008,1311535.261871338,,32768.0,,,,,,oom,pre-run: model size >= 32768 MiB (est. 1311535 MiB)
CPU,2048,8192,687450333808,687450.333808,2623055.300933838,,32768.0,,,,,,oom,pre-run: model size >= 32768 MiB (est. 2623055 MiB)
CPU,4096,8192,1374896759408,1374896.759408,5246095.379058838,,32768.0,,,,,,oom,pre-run: model size >= 32768 MiB (est. 5246095 MiB)
CPU,8192,8192,2749789610608,2749789.610608,10492175.535308838,,32768.0,,,,,,oom,pre-run: model size >= 32768 MiB (est. 10492176 MiB)
CPU,16384,8192,5499575313008,5499575.313008,20984335.847808838,,32768.0,,,,,,oom,pre-run: model size >= 32768 MiB (est. 20984336 MiB)
CPU,32768,8192,10999146717808,10999146.717808,41968656.47280884,,32768.0,,,,,,oom,pre-run: model size >= 32768 MiB (est. 41968656 MiB)
CPU,65536,8192,21998289527408,21998289.527408,83937297.72280884,,32768.0,,,,,,oom,pre-run: model size >= 32768 MiB (est. 83937298 MiB)
CPU,131072,8192,43996575146608,43996575.146608,167874580.22280884,,32768.0,,,,,,oom,pre-run: model size >= 32768 MiB (est. 167874580 MiB)
CPU,262144,8192,87993146385008,87993146.385008,335749145.22280884,,32768.0,,,,,,oom,pre-run: model size >= 32768 MiB (est. 335749145 MiB)
CPU,524288,8192,175986288861808,175986288.861808,671498275.2228088,,32768.0,,,,,,oom,pre-run: model size >= 32768 MiB (est. 671498275 MiB)
CPU,1048576,8192,351972573815408,351972573.815408,1342996535.2228088,,32768.0,,,,,,oom,pre-run: model size >= 32768 MiB (est. 1342996535 MiB)
CPU,0,16384,7348848,7.348848,28.660308837890625,0.0,32768.0,191.46750000072643,208.09129999543075,201.04855000317912,200.50744000109262,4.33026098823666,,
CPU,1,16384,1349771888,1349.771888,5150.222846984863,,32768.0,,,,,,time,blocked: lower width failed at stages=1 (time limit)
CPU,2,16384,2692194928,2692.194928,10271.785385131836,,32768.0,,,,,,time,blocked: lower width failed at stages=1 (time limit)
CPU,4,16384,5377041008,5377.041008,20514.91046142578,,32768.0,,,,,,time,blocked: lower width failed at stages=1 (time limit)
CPU,8,16384,10746733168,10746.733168,41001.16061401367,,32768.0,,,,,,oom,pre-run: model size >= 32768 MiB (est. 41001 MiB)
CPU,16,16384,21486117488,21486.117488,81973.66091918945,,32768.0,,,,,,oom,pre-run: model size >= 32768 MiB (est. 81974 MiB)
CPU,32,16384,42964886128,42964.886128,163918.66152954102,,32768.0,,,,,,oom,pre-run: model size >= 32768 MiB (est. 163919 MiB)
CPU,64,16384,85922423408,85922.423408,327808.66275024414,,32768.0,,,,,,oom,pre-run: model size >= 32768 MiB (est. 327809 MiB)
CPU,128,16384,171837497968,171837.497968,655588.6651916504,,32768.0,,,,,,oom,pre-run: model size >= 32768 MiB (est. 655589 MiB)
CPU,256,16384,343667647088,343667.647088,1311148.670074463,,32768.0,,,,,,oom,pre-run: model size >= 32768 MiB (est. 1311149 MiB)
CPU,512,16384,687327945328,687327.945328,2622268.679840088,,32768.0,,,,,,oom,pre-run: model size >= 32768 MiB (est. 2622269 MiB)
CPU,1024,16384,1374648541808,1374648.541808,5244508.699371338,,32768.0,,,,,,oom,pre-run: model size >= 32768 MiB (est. 5244509 MiB)
CPU,2048,16384,2749289734768,2749289.734768,10488988.738433838,,32768.0,,,,,,oom,pre-run: model size >= 32768 MiB (est. 10488989 MiB)
CPU,4096,16384,5498572120688,5498572.120688,20977948.816558838,,32768.0,,,,,,oom,pre-run: model size >= 32768 MiB (est. 20977949 MiB)
CPU,8192,16384,10997136892528,10997136.892528,41955868.97280884,,32768.0,,,,,,oom,pre-run: model size >= 32768 MiB (est. 41955869 MiB)
CPU,16384,16384,21994266436208,21994266.436208,83911709.28530884,,32768.0,,,,,,oom,pre-run: model size >= 32768 MiB (est. 83911709 MiB)
CPU,32768,16384,43988525523568,43988525.523568,167823389.91030884,,32768.0,,,,,,oom,pre-run: model size >= 32768 MiB (est. 167823390 MiB)
CPU,65536,16384,87977043698288,87977043.698288,335646751.16030884,,32768.0,,,,,,oom,pre-run: model size >= 32768 MiB (est. 335646751 MiB)
CPU,131072,16384,175954080047728,175954080.047728,671293473.6603088,,32768.0,,,,,,oom,pre-run: model size >= 32768 MiB (est. 671293474 MiB)
CPU,262144,16384,351908152746608,351908152.746608,1342586918.6603088,,32768.0,,,,,,oom,pre-run: model size >= 32768 MiB (est. 1342586919 MiB)
CPU,524288,16384,703816298144368,703816298.144368,2685173808.660309,,32768.0,,,,,,oom,pre-run: model size >= 32768 MiB (est. 2685173809 MiB)
CPU,1048576,16384,1407632588939888,1407632588.939888,5370347588.660309,,32768.0,,,,,,oom,pre-run: model size >= 32768 MiB (est. 5370347589 MiB)
CPU,0,32768,14230128,14.230128,55.535308837890625,0.0,32768.0,330.5795999986003,344.9856000006548,340.11644999918644,338.7321999995038,4.436373911238641,,
CPU,1,32768,5383430768,5383.430768,20538.660346984863,,32768.0,,,,,,time,blocked: lower width failed at stages=1 (time limit)
CPU,2,32768,10752631408,10752.631408,41021.785385131836,,32768.0,,,,,,oom,pre-run: model size >= 32768 MiB (est. 41022 MiB)
CPU,4,32768,21491032688,21491.032688,81988.03546142578,,32768.0,,,,,,oom,pre-run: model size >= 32768 MiB (est. 81988 MiB)
CPU,8,32768,42967835248,42967.835248,163920.53561401367,,32768.0,,,,,,oom,pre-run: model size >= 32768 MiB (est. 163921 MiB)
CPU,16,32768,85921440368,85921.440368,327785.53591918945,,32768.0,,,,,,oom,pre-run: model size >= 32768 MiB (est. 327786 MiB)
CPU,32,32768,171828650608,171828.650608,655515.536529541,,32768.0,,,,,,oom,pre-run: model size >= 32768 MiB (est. 655516 MiB)
CPU,64,32768,343643071088,343643.071088,1310975.5377502441,,32768.0,,,,,,oom,pre-run: model size >= 32768 MiB (est. 1310976 MiB)
CPU,128,32768,687271912048,687271.912048,2621895.5401916504,,32768.0,,,,,,oom,pre-run: model size >= 32768 MiB (est. 2621896 MiB)
CPU,256,32768,1374529593968,1374529.593968,5243735.545074463,,32768.0,,,,,,oom,pre-run: model size >= 32768 MiB (est. 5243736 MiB)
CPU,512,32768,2749044957808,2749044.957808,10487415.554840088,,32768.0,,,,,,oom,pre-run: model size >= 32768 MiB (est. 10487416 MiB)
CPU,1024,32768,5498075685488,5498075.685488,20974775.574371338,,32768.0,,,,,,oom,pre-run: model size >= 32768 MiB (est. 20974776 MiB)
CPU,2048,32768,10996137140848,10996137.140848,41949495.61343384,,32768.0,,,,,,oom,pre-run: model size >= 32768 MiB (est. 41949496 MiB)
CPU,4096,32768,21992260051568,21992260.051568,83898935.69155884,,32768.0,,,,,,oom,pre-run: model size >= 32768 MiB (est. 83898936 MiB)
CPU,8192,32768,43984505873008,43984505.873008,167797815.84780884,,32768.0,,,,,,oom,pre-run: model size >= 32768 MiB (est. 167797816 MiB)
CPU,16384,32768,87968997515888,87968997.515888,335595576.16030884,,32768.0,,,,,,oom,pre-run: model size >= 32768 MiB (est. 335595576 MiB)
CPU,32768,32768,175937980801648,175937980.801648,671191096.7853088,,32768.0,,,,,,oom,pre-run: model size >= 32768 MiB (est. 671191097 MiB)
CPU,65536,32768,351875947373168,351875947.373168,1342382138.0353088,,32768.0,,,,,,oom,pre-run: model size >= 32768 MiB (est. 1342382138 MiB)
CPU,131072,32768,703751880516208,703751880.516208,2684764220.535309,,32768.0,,,,,,oom,pre-run: model size >= 32768 MiB (est. 2684764221 MiB)
CPU,262144,32768,1407503746802288,1407503746.802288,5369528385.535309,,32768.0,,,,,,oom,pre-run: model size >= 32768 MiB (est. 5369528386 MiB)
CPU,524288,32768,2815007479374448,2815007479.374448,10739056715.535309,,32768.0,,,,,,oom,pre-run: model size >= 32768 MiB (est. 10739056716 MiB)
CPU,1048576,32768,5630014944518768,5630014944.518768,21478113375.53531,,32768.0,,,,,,oom,pre-run: model size >= 32768 MiB (est. 21478113376 MiB)
AMD Radeon RX 7800 XT,0,2,468408,0.468408,1.7885894775390625,0.0,16384.0,3.4357999975327402,3.711299999849871,3.5669499957293738,3.5646099982841406,0.10807883588620218,,
AMD Radeon RX 7800 XT,1,2,468458,0.468458,1.7888946533203125,0.0,16384.0,3.5001999931409955,3.808599998592399,3.7309000035747886,3.7110999997821636,0.0953503234617194,,
AMD Radeon RX 7800 XT,2,2,468508,0.468508,1.7891998291015625,0.0,16384.0,3.658900001028087,4.174499998043757,3.782399999181507,3.820129999803612,0.14300087383785218,,
AMD Radeon RX 7800 XT,4,2,468608,0.468608,1.7898101806640625,0.0,16384.0,3.592599998228252,3.9791000017430633,3.6792499995499384,3.7288199993781745,0.1274245489967009,,
AMD Radeon RX 7800 XT,8,2,468808,0.468808,1.7910308837890625,0.0,16384.0,3.683300004922785,4.168200001004152,3.904799999872921,3.9147300012700725,0.1629689104308653,,
AMD Radeon RX 7800 XT,16,2,469208,0.469208,1.7934722900390625,0.0,16384.0,4.999800003133714,5.773800003225915,5.15475000065635,5.289620000985451,0.27407358109024854,,
AMD Radeon RX 7800 XT,32,2,470008,0.470008,1.7983551025390625,0.0,16384.0,9.530700001050718,10.662499997124542,9.652299995650537,9.826330000942107,0.3273255841772789,,
AMD Radeon RX 7800 XT,64,2,471608,0.471608,1.8081207275390625,0.0,16384.0,20.17119999800343,22.25660000112839,20.55024999572197,20.716689998516813,0.5595110097698595,,
AMD Radeon RX 7800 XT,128,2,474808,0.474808,1.8276519775390625,0.0,16384.0,50.97999999998137,57.19600000156788,52.39964999782387,52.60482000085176,1.7428948409650045,,
AMD Radeon RX 7800 XT,256,2,481208,0.481208,1.8667144775390625,0.0,16384.0,139.92120000330033,145.28660000360105,140.3741499998432,141.17816000070889,1.6614057365444834,,
AMD Radeon RX 7800 XT,512,2,494008,0.494008,1.9448394775390625,0.0,16384.0,479.23979999904986,487.892400000419,482.8783500015561,483.3646099999896,2.7947246705868394,,
AMD Radeon RX 7800 XT,1024,2,519608,0.519608,2.1010894775390625,,16384.0,,,,,,time,run took 1807.11 ms (> 1000 ms)
AMD Radeon RX 7800 XT,2048,2,570808,0.570808,2.4135894775390625,,16384.0,,,,,,time,blocked: lower width failed at stages=1024 (time limit)
AMD Radeon RX 7800 XT,4096,2,673208,0.673208,3.0385894775390625,,16384.0,,,,,,time,blocked: lower width failed at stages=1024 (time limit)
AMD Radeon RX 7800 XT,8192,2,878008,0.878008,4.2885894775390625,,16384.0,,,,,,time,blocked: lower width failed at stages=1024 (time limit)
AMD Radeon RX 7800 XT,16384,2,1287608,1.287608,6.7885894775390625,,16384.0,,,,,,time,blocked: lower width failed at stages=1024 (time limit)
AMD Radeon RX 7800 XT,32768,2,2106808,2.106808,11.788589477539062,,16384.0,,,,,,time,blocked: lower width failed at stages=1024 (time limit)
AMD Radeon RX 7800 XT,65536,2,3745208,3.745208,21.788589477539062,,16384.0,,,,,,time,blocked: lower width failed at stages=1024 (time limit)
AMD Radeon RX 7800 XT,131072,2,7022008,7.022008,41.78858947753906,,16384.0,,,,,,time,blocked: lower width failed at stages=1024 (time limit)
AMD Radeon RX 7800 XT,262144,2,13575608,13.575608,81.78858947753906,,16384.0,,,,,,time,blocked: lower width failed at stages=1024 (time limit)
AMD Radeon RX 7800 XT,524288,2,26682808,26.682808,161.78858947753906,,16384.0,,,,,,time,blocked: lower width failed at stages=1024 (time limit)
AMD Radeon RX 7800 XT,1048576,2,52897208,52.897208,321.78858947753906,,16384.0,,,,,,time,blocked: lower width failed at stages=1024 (time limit)
AMD Radeon RX 7800 XT,0,4,469248,0.469248,1.7918701171875,0.0,16384.0,3.5939000008511357,3.8927999994484708,3.6672000023827422,3.697749999264488,0.08744177693745772,,
AMD Radeon RX 7800 XT,1,4,469388,0.469388,1.7925949096679688,0.0,16384.0,3.5121999972034246,4.281100002117455,3.767450005398132,3.846520002116449,0.26266410031211535,,
AMD Radeon RX 7800 XT,2,4,469528,0.469528,1.7933197021484375,0.0,16384.0,3.5501000020303763,4.264299997885246,3.8234500025282614,3.793610001594061,0.19681929814218208,,
AMD Radeon RX 7800 XT,4,4,469808,0.469808,1.794769287109375,0.0,16384.0,3.6968999993405305,3.9455000005546026,3.7720999971497804,3.800819999014493,0.1038605593952971,,
AMD Radeon RX 7800 XT,8,4,470368,0.470368,1.79766845703125,0.0,16384.0,3.846500003419351,4.247599994414486,4.001900000730529,4.020499999023741,0.14209826698305655,,
AMD Radeon RX 7800 XT,16,4,471488,0.471488,1.803466796875,0.0,16384.0,4.940499995427672,5.556699994485825,5.261949998384807,5.196439998690039,0.20759871787762404,,
AMD Radeon RX 7800 XT,32,4,473728,0.473728,1.8150634765625,0.0,16384.0,9.440299996640533,10.350900003686547,10.010999998485204,9.95440999904531,0.2520675971128121,,
AMD Radeon RX 7800 XT,64,4,478208,0.478208,1.8382568359375,0.0,16384.0,20.023800003400538,21.18539999355562,20.407550000527408,20.51933999900939,0.40967404037937105,,
AMD Radeon RX 7800 XT,128,4,487168,0.487168,1.8846435546875,0.0,16384.0,46.07959999702871,49.66150000109337,47.21290000088629,47.546060000604484,1.0282655841904258,,
AMD Radeon RX 7800 XT,256,4,505088,0.505088,1.9774169921875,0.0,16384.0,136.61600000341423,140.14750000205822,138.74335000218707,138.57688000134658,1.2172415271071246,,
AMD Radeon RX 7800 XT,512,4,540928,0.540928,2.1629638671875,0.0,16384.0,490.66599999787286,499.2608999964432,496.54439999721944,496.16405999986455,2.215494697294916,,
AMD Radeon RX 7800 XT,1024,4,612608,0.612608,2.5340576171875,,16384.0,,,,,,time,blocked: lower width failed at stages=1024 (time limit)
AMD Radeon RX 7800 XT,2048,4,755968,0.755968,3.2762451171875,,16384.0,,,,,,time,blocked: lower width failed at stages=1024 (time limit)
AMD Radeon RX 7800 XT,4096,4,1042688,1.042688,4.7606201171875,,16384.0,,,,,,time,blocked: lower width failed at stages=1024 (time limit)
AMD Radeon RX 7800 XT,8192,4,1616128,1.616128,7.7293701171875,,16384.0,,,,,,time,blocked: lower width failed at stages=1024 (time limit)
AMD Radeon RX 7800 XT,16384,4,2763008,2.763008,13.6668701171875,,16384.0,,,,,,time,blocked: lower width failed at stages=1024 (time limit)
AMD Radeon RX 7800 XT,32768,4,5056768,5.056768,25.5418701171875,,16384.0,,,,,,time,blocked: lower width failed at stages=1024 (time limit)
AMD Radeon RX 7800 XT,65536,4,9644288,9.644288,49.2918701171875,,16384.0,,,,,,time,blocked: lower width failed at stages=1024 (time limit)
AMD Radeon RX 7800 XT,131072,4,18819328,18.819328,96.7918701171875,,16384.0,,,,,,time,blocked: lower width failed at stages=1024 (time limit)
AMD Radeon RX 7800 XT,262144,4,37169408,37.169408,191.7918701171875,,16384.0,,,,,,time,blocked: lower width failed at stages=1024 (time limit)
AMD Radeon RX 7800 XT,524288,4,73869568,73.869568,381.7918701171875,,16384.0,,,,,,time,blocked: lower width failed at stages=1024 (time limit)
AMD Radeon RX 7800 XT,1048576,4,147269888,147.269888,761.7918701171875,,16384.0,,,,,,time,blocked: lower width failed at stages=1024 (time limit)
AMD Radeon RX 7800 XT,0,8,470928,0.470928,1.798431396484375,0.0,16384.0,3.4297999955015257,3.7349999984144233,3.4797000007529277,3.4975799993844703,0.08265402322742746,,
AMD Radeon RX 7800 XT,1,8,471368,0.471368,1.8004531860351562,0.0,16384.0,3.5560999967856333,3.8117000003694557,3.6909499976900406,3.6886899993987754,0.09984529528630591,,
AMD Radeon RX 7800 XT,2,8,471808,0.471808,1.8024749755859375,0.0,16384.0,3.5824000005959533,4.196999994746875,3.6685999984911177,3.735289999167435,0.1762589072763661,,
AMD Radeon RX 7800 XT,4,8,472688,0.472688,1.8065185546875,0.0,16384.0,3.631300001870841,4.53410000045551,3.907850001269253,3.9736100006848574,0.23048051273041267,,
AMD Radeon RX 7800 XT,8,8,474448,0.474448,1.814605712890625,0.0,16384.0,3.768599999602884,4.092499999387655,3.9149999975052197,3.934589998971205,0.10220430008644618,,
AMD Radeon RX 7800 XT,16,8,477968,0.477968,1.830780029296875,0.0,16384.0,4.886899994744454,5.579999997280538,5.245999996986939,5.2556099981302395,0.225851459112302,,
AMD Radeon RX 7800 XT,32,8,485008,0.485008,1.863128662109375,0.0,16384.0,9.302699996624142,12.265100005606655,10.159000001294771,10.362399999576155,0.9990930598901949,,
AMD Radeon RX 7800 XT,64,8,499088,0.499088,1.927825927734375,0.0,16384.0,19.560799999453593,22.21290000306908,20.4988500008767,20.640899999125395,0.8930907312990303,,
AMD Radeon RX 7800 XT,128,8,527248,0.527248,2.057220458984375,0.0,16384.0,47.336099996755365,51.4169000016409,48.66504999881727,48.8239699996484,1.18809478401286,,
AMD Radeon RX 7800 XT,256,8,583568,0.583568,2.316009521484375,0.0,16384.0,137.53490000090096,142.32919999631122,139.1105000002426,139.37332999921637,1.7124114167223232,,
AMD Radeon RX 7800 XT,512,8,696208,0.696208,2.833587646484375,0.0,16384.0,512.0153999960166,543.6779000010574,518.6844500021834,522.758800000156,9.981974097287932,,
AMD Radeon RX 7800 XT,1024,8,921488,0.921488,3.868743896484375,,16384.0,,,,,,time,blocked: lower width failed at stages=1024 (time limit)
AMD Radeon RX 7800 XT,2048,8,1372048,1.372048,5.939056396484375,,16384.0,,,,,,time,blocked: lower width failed at stages=1024 (time limit)
AMD Radeon RX 7800 XT,4096,8,2273168,2.273168,10.079681396484375,,16384.0,,,,,,time,blocked: lower width failed at stages=1024 (time limit)
AMD Radeon RX 7800 XT,8192,8,4075408,4.075408,18.360931396484375,,16384.0,,,,,,time,blocked: lower width failed at stages=1024 (time limit)
AMD Radeon RX 7800 XT,16384,8,7679888,7.679888,34.923431396484375,,16384.0,,,,,,time,blocked: lower width failed at stages=1024 (time limit)
AMD Radeon RX 7800 XT,32768,8,14888848,14.888848,68.04843139648438,,16384.0,,,,,,time,blocked: lower width failed at stages=1024 (time limit)
AMD Radeon RX 7800 XT,65536,8,29306768,29.306768,134.29843139648438,,16384.0,,,,,,time,blocked: lower width failed at stages=1024 (time limit)
AMD Radeon RX 7800 XT,131072,8,58142608,58.142608,266.7984313964844,,16384.0,,,,,,time,blocked: lower width failed at stages=1024 (time limit)
AMD Radeon RX 7800 XT,262144,8,115814288,115.814288,531.7984313964844,,16384.0,,,,,,time,blocked: lower width failed at stages=1024 (time limit)
AMD Radeon RX 7800 XT,524288,8,231157648,231.157648,1061.7984313964844,,16384.0,,,,,,time,blocked: lower width failed at stages=1024 (time limit)
AMD Radeon RX 7800 XT,1048576,8,461844368,461.844368,2121.7984313964844,,16384.0,,,,,,time,blocked: lower width failed at stages=1024 (time limit)
AMD Radeon RX 7800 XT,0,16,474288,0.474288,1.811553955078125,0.0,16384.0,3.4123000004910864,3.759799998078961,3.468099996098317,3.485109999019187,0.09533137420787793,,
AMD Radeon RX 7800 XT,1,16,475808,0.475808,1.8180007934570312,0.0,16384.0,3.5341999973752536,3.824300001724623,3.606749996833969,3.653959999064682,0.09458042377509587,,
AMD Radeon RX 7800 XT,2,16,477328,0.477328,1.8244476318359375,0.0,16384.0,3.574100002879277,3.875700000207871,3.66550000035204,3.6990500004321802,0.10725702001148923,,
AMD Radeon RX 7800 XT,4,16,480368,0.480368,1.83734130859375,0.0,16384.0,3.6883000066154636,4.4352000040817074,3.8723499965271913,3.95601000127499,0.2087118125784552,,
AMD Radeon RX 7800 XT,8,16,486448,0.486448,1.863128662109375,0.0,16384.0,3.7674000050174072,4.076199998962693,3.855150000163121,3.909939999721246,0.12149177898545521,,
AMD Radeon RX 7800 XT,16,16,498608,0.498608,1.914703369140625,0.0,16384.0,4.945399996358901,6.3086000009207055,5.360899998777313,5.397259999153903,0.39173856427029197,,
AMD Radeon RX 7800 XT,32,16,522928,0.522928,2.017852783203125,0.0,16384.0,9.45510000019567,10.46420000056969,9.94910000008531,9.931530000903876,0.3082317804455693,,
AMD Radeon RX 7800 XT,64,16,571568,0.571568,2.224151611328125,0.0,16384.0,20.205900000291876,22.926300000108313,21.701500001654495,21.510950000811135,0.8050726880255349,,
AMD Radeon RX 7800 XT,128,16,668848,0.668848,2.636749267578125,0.0,16384.0,49.47740000352496,53.30069999763509,51.26860000018496,51.226909999968484,0.9281206357540976,,
AMD Radeon RX 7800 XT,256,16,863408,0.863408,3.461944580078125,0.0,16384.0,142.001899999741,148.2012000051327,144.45569999952568,144.89108999987366,1.8546587864696034,,
AMD Radeon RX 7800 XT,512,16,1252528,1.252528,5.112335205078125,0.0,16384.0,504.26639999932377,512.9942000057781,508.4921499983466,508.5726000012073,2.8440467662180864,,
AMD Radeon RX 7800 XT,1024,16,2030768,2.030768,8.413116455078125,,16384.0,,,,,,time,blocked: lower width failed at stages=1024 (time limit)
AMD Radeon RX 7800 XT,2048,16,3587248,3.587248,15.014678955078125,,16384.0,,,,,,time,blocked: lower width failed at stages=1024 (time limit)
AMD Radeon RX 7800 XT,4096,16,6700208,6.700208,28.217803955078125,,16384.0,,,,,,time,blocked: lower width failed at stages=1024 (time limit)
AMD Radeon RX 7800 XT,8192,16,12926128,12.926128,54.624053955078125,,16384.0,,,,,,time,blocked: lower width failed at stages=1024 (time limit)
AMD Radeon RX 7800 XT,16384,16,25377968,25.377968,107.43655395507812,,16384.0,,,,,,time,blocked: lower width failed at stages=1024 (time limit)
AMD Radeon RX 7800 XT,32768,16,50281648,50.281648,213.06155395507812,,16384.0,,,,,,time,blocked: lower width failed at stages=1024 (time limit)
AMD Radeon RX 7800 XT,65536,16,100089008,100.089008,424.3115539550781,,16384.0,,,,,,time,blocked: lower width failed at stages=1024 (time limit)
AMD Radeon RX 7800 XT,131072,16,199703728,199.703728,846.8115539550781,,16384.0,,,,,,time,blocked: lower width failed at stages=1024 (time limit)
AMD Radeon RX 7800 XT,262144,16,398933168,398.933168,1691.8115539550781,,16384.0,,,,,,time,blocked: lower width failed at stages=1024 (time limit)
AMD Radeon RX 7800 XT,524288,16,797392048,797.392048,3381.811553955078,,16384.0,,,,,,time,blocked: lower width failed at stages=1024 (time limit)
AMD Radeon RX 7800 XT,1048576,16,1594309808,1594.309808,6761.811553955078,,16384.0,,,,,,time,blocked: lower width failed at stages=1024 (time limit)
AMD Radeon RX 7800 XT,0,32,481008,0.481008,1.837799072265625,0.0,16384.0,3.417699997953605,3.7324000004446134,3.5141000007570256,3.548249999585096,0.10337244619359938,,
AMD Radeon RX 7800 XT,1,32,486608,0.486608,1.8604202270507812,0.0,16384.0,3.558899996278342,3.8681000005453825,3.6513000013655983,3.7062299998069648,0.11647955186896508,,
AMD Radeon RX 7800 XT,2,32,492208,0.492208,1.8830413818359375,0.0,16384.0,3.669699995953124,3.9648000019951724,3.847799998766277,3.8139599993883166,0.10921746532802802,,
AMD Radeon RX 7800 XT,4,32,503408,0.503408,1.92828369140625,0.0,16384.0,3.6517000044113956,4.1233000010834076,3.923750002286397,3.890430001047207,0.14575512389998493,,
AMD Radeon RX 7800 XT,8,32,525808,0.525808,2.018768310546875,0.0,16384.0,3.8175000008777715,4.211799998302013,4.056199999467935,4.031530000065686,0.11669608498696933,,
AMD Radeon RX 7800 XT,16,32,570608,0.570608,2.199737548828125,0.0,16384.0,4.958199999236967,5.853200003912207,5.14130000010482,5.221150000579655,0.2702178917668991,,
AMD Radeon RX 7800 XT,32,32,660208,0.660208,2.561676025390625,0.0,16384.0,9.691699997347314,10.61239999398822,9.949600000254577,9.985689998575253,0.30238161432047483,,
AMD Radeon RX 7800 XT,64,32,839408,0.839408,3.285552978515625,0.0,16384.0,20.75709999917308,22.376400003849994,21.307699997123564,21.452599999611266,0.48126844985912426,,
AMD Radeon RX 7800 XT,128,32,1197808,1.197808,4.733306884765625,0.0,16384.0,48.652099998435006,58.3385999998427,50.17635000331211,51.036400000884896,2.664847196028323,,
AMD Radeon RX 7800 XT,256,32,1914608,1.914608,7.628814697265625,0.0,16384.0,141.80160000250908,162.65199999907054,151.75779999844963,151.94609999889508,8.175414164580083,,
AMD Radeon RX 7800 XT,512,32,3348208,3.348208,13.419830322265625,0.0,16384.0,503.1444000051124,524.9426999944262,511.50509999934,511.32712999969954,6.403918422329669,,
AMD Radeon RX 7800 XT,1024,32,6215408,6.215408,25.001861572265625,,16384.0,,,,,,time,blocked: lower width failed at stages=1024 (time limit)
AMD Radeon RX 7800 XT,2048,32,11949808,11.949808,48.165924072265625,,16384.0,,,,,,time,blocked: lower width failed at stages=1024 (time limit)
AMD Radeon RX 7800 XT,4096,32,23418608,23.418608,94.49404907226562,,16384.0,,,,,,time,blocked: lower width failed at stages=1024 (time limit)
AMD Radeon RX 7800 XT,8192,32,46356208,46.356208,187.15029907226562,,16384.0,,,,,,time,blocked: lower width failed at stages=1024 (time limit)
AMD Radeon RX 7800 XT,16384,32,92231408,92.231408,372.4627990722656,,16384.0,,,,,,time,blocked: lower width failed at stages=1024 (time limit)
AMD Radeon RX 7800 XT,32768,32,183981808,183.981808,743.0877990722656,,16384.0,,,,,,time,blocked: lower width failed at stages=1024 (time limit)
AMD Radeon RX 7800 XT,65536,32,367482608,367.482608,1484.3377990722656,,16384.0,,,,,,time,blocked: lower width failed at stages=1024 (time limit)
AMD Radeon RX 7800 XT,131072,32,734484208,734.484208,2966.8377990722656,,16384.0,,,,,,time,blocked: lower width failed at stages=1024 (time limit)
AMD Radeon RX 7800 XT,262144,32,1468487408,1468.487408,5931.837799072266,,16384.0,,,,,,time,blocked: lower width failed at stages=1024 (time limit)
AMD Radeon RX 7800 XT,524288,32,2936493808,2936.493808,11861.837799072266,,16384.0,,,,,,time,blocked: lower width failed at stages=1024 (time limit)
AMD Radeon RX 7800 XT,1048576,32,5872506608,5872.506608,23721.837799072266,,16384.0,,,,,,oom,pre-run: model size >= 16384 MiB (est. 23722 MiB)
AMD Radeon RX 7800 XT,0,64,494448,0.494448,1.890289306640625,0.0,16384.0,3.457999999227468,3.715300001204014,3.66050000229734,3.6087100008444395,0.0913588805012415,,
AMD Radeon RX 7800 XT,1,64,515888,0.515888,1.9745559692382812,0.0,16384.0,3.51030000456376,3.837500000372529,3.7736999984190334,3.7090599988005124,0.1160702555415206,,
AMD Radeon RX 7800 XT,2,64,537328,0.537328,2.0588226318359375,0.0,16384.0,3.6007000016979873,4.058400001667906,3.838799999357434,3.810610000800807,0.12484305678383197,,
AMD Radeon RX 7800 XT,4,64,580208,0.580208,2.22735595703125,0.0,16384.0,3.722500005096663,4.2861999972956255,3.935300002922304,3.9357700014079455,0.18790581095342448,,
AMD Radeon RX 7800 XT,8,64,665968,0.665968,2.564422607421875,0.0,16384.0,3.944900003261864,4.24879999627592,4.111399997782428,4.106999999930849,0.11751014347778334,,
AMD Radeon RX 7800 XT,16,64,837488,0.837488,3.238555908203125,0.0,16384.0,4.97969999560155,7.147399999666959,5.431500005215639,5.493560000468278,0.5931888172300795,,
AMD Radeon RX 7800 XT,32,64,1180528,1.180528,4.586822509765625,0.0,16384.0,9.444099996471778,10.053999998490326,9.603750000678701,9.696109998913016,0.2312195509902126,,
AMD Radeon RX 7800 XT,64,64,1866608,1.866608,7.283355712890625,0.0,16384.0,20.68629999848781,28.15109999937704,21.078649995615706,21.824619999097195,2.1419155515954507,,
AMD Radeon RX 7800 XT,128,64,3238768,3.238768,12.676422119140625,0.0,16384.0,47.52100000041537,51.2488000022131,48.82599999837112,49.101740001060534,1.2513746522246625,,
AMD Radeon RX 7800 XT,256,64,5983088,5.983088,23.462554931640625,0.0,16384.0,137.5557999999728,139.49680000223452,138.4671999985585,138.5699599988584,0.5943221444109537,,
AMD Radeon RX 7800 XT,512,64,11471728,11.471728,45.034820556640625,0.0,16384.0,503.81990000460064,512.2334999978193,507.6066500005254,507.5887799990596,2.5470158391238984,,
AMD Radeon RX 7800 XT,1024,64,22449008,22.449008,88.17935180664062,,16384.0,,,,,,time,blocked: lower width failed at stages=1024 (time limit)
AMD Radeon RX 7800 XT,2048,64,44403568,44.403568,174.46841430664062,,16384.0,,,,,,time,blocked: lower width failed at stages=1024 (time limit)
AMD Radeon RX 7800 XT,4096,64,88312688,88.312688,347.0465393066406,,16384.0,,,,,,time,blocked: lower width failed at stages=1024 (time limit)
AMD Radeon RX 7800 XT,8192,64,176130928,176.130928,692.2027893066406,,16384.0,,,,,,time,blocked: lower width failed at stages=1024 (time limit)
AMD Radeon RX 7800 XT,16384,64,351767408,351.767408,1382.5152893066406,,16384.0,,,,,,time,blocked: lower width failed at stages=1024 (time limit)
AMD Radeon RX 7800 XT,32768,64,703040368,703.040368,2763.1402893066406,,16384.0,,,,,,time,blocked: lower width failed at stages=1024 (time limit)
AMD Radeon RX 7800 XT,65536,64,1405586288,1405.586288,5524.390289306641,,16384.0,,,,,,time,blocked: lower width failed at stages=1024 (time limit)
AMD Radeon RX 7800 XT,131072,64,2810678128,2810.678128,11046.89028930664,,16384.0,,,,,,time,blocked: lower width failed at stages=1024 (time limit)
AMD Radeon RX 7800 XT,262144,64,5620861808,5620.861808,22091.89028930664,,16384.0,,,,,,oom,pre-run: model size >= 16384 MiB (est. 22092 MiB)
AMD Radeon RX 7800 XT,524288,64,11241229168,11241.229168,44181.89028930664,,16384.0,,,,,,oom,pre-run: model size >= 16384 MiB (est. 44182 MiB)
AMD Radeon RX 7800 XT,1048576,64,22481963888,22481.963888,88361.89028930664,,16384.0,,,,,,oom,pre-run: model size >= 16384 MiB (est. 88362 MiB)
AMD Radeon RX 7800 XT,0,128,521328,0.521328,1.995269775390625,0.0,16384.0,3.4153999949921854,3.6909000045852736,3.472950000286801,3.5102400004689116,0.09106568385708551,,
AMD Radeon RX 7800 XT,1,128,605168,0.605168,2.3200149536132812,0.0,16384.0,3.5231000001658686,3.8624999942840077,3.7740000007033814,3.718349998962367,0.12688577560554187,,
AMD Radeon RX 7800 XT,2,128,689008,0.689008,2.6447601318359375,0.0,16384.0,3.7152000004425645,3.9937000037753023,3.798450001340825,3.8260600005742162,0.09858537675142633,,
AMD Radeon RX 7800 XT,4,128,856688,0.856688,3.29425048828125,0.0,16384.0,3.8801999980933033,4.767700003867503,4.031549997307593,4.139709999435581,0.27511022719546896,,
AMD Radeon RX 7800 XT,8,128,1192048,1.192048,4.593231201171875,0.0,16384.0,4.157199997280259,4.572199999529403,4.418750002514571,4.380599999421975,0.12688584758847268,,
AMD Radeon RX 7800 XT,16,128,1862768,1.862768,7.191192626953125,0.0,16384.0,4.96220000059111,5.8905000041704625,5.4515999981958885,5.375849999836646,0.2781271590803643,,
AMD Radeon RX 7800 XT,32,128,3204208,3.204208,12.387115478515625,0.0,16384.0,9.50379999994766,10.738899996795226,9.962650001398288,10.070420000556624,0.41860218154297973,,
AMD Radeon RX 7800 XT,64,128,5887088,5.887088,22.778961181640625,0.0,16384.0,19.964099999924656,22.819600002549123,20.67650000026333,20.890520000830293,0.8165096106826756,,
AMD Radeon RX 7800 XT,128,128,11252848,11.252848,43.562652587890625,0.0,16384.0,48.17889999685576,50.39379999652738,48.94244999741204,49.03883999941172,0.6141562170881645,,
AMD Radeon RX 7800 XT,256,128,21984368,21.984368,85.13003540039062,0.0,16384.0,137.858200003393,141.8844999934663,140.30645000457298,140.25016000014148,1.2039333364918217,,
AMD Radeon RX 7800 XT,512,128,43447408,43.447408,168.26480102539062,0.0,16384.0,488.1798999995226,497.33150000247406,495.2154499987955,493.9744299990707,3.0598506275018162,,
AMD Radeon RX 7800 XT,1024,128,86373488,86.373488,334.5343322753906,,16384.0,,,,,,time,blocked: lower width failed at stages=1024 (time limit)
AMD Radeon RX 7800 XT,2048,128,172225648,172.225648,667.0733947753906,,16384.0,,,,,,time,blocked: lower width failed at stages=1024 (time limit)
AMD Radeon RX 7800 XT,4096,128,343929968,343.929968,1332.1515197753906,,16384.0,,,,,,time,blocked: lower width failed at stages=1024 (time limit)
AMD Radeon RX 7800 XT,8192,128,687338608,687.338608,2662.3077697753906,,16384.0,,,,,,time,blocked: lower width failed at stages=1024 (time limit)
AMD Radeon RX 7800 XT,16384,128,1374155888,1374.155888,5322.620269775391,,16384.0,,,,,,time,blocked: lower width failed at stages=1024 (time limit)
AMD Radeon RX 7800 XT,32768,128,2747790448,2747.790448,10643.24526977539,,16384.0,,,,,,time,blocked: lower width failed at stages=1024 (time limit)
AMD Radeon RX 7800 XT,65536,128,5495059568,5495.059568,21284.49526977539,,16384.0,,,,,,oom,pre-run: model size >= 16384 MiB (est. 21284 MiB)
AMD Radeon RX 7800 XT,131072,128,10989597808,10989.597808,42566.99526977539,,16384.0,,,,,,oom,pre-run: model size >= 16384 MiB (est. 42567 MiB)
AMD Radeon RX 7800 XT,262144,128,21978674288,21978.674288,85131.99526977539,,16384.0,,,,,,oom,pre-run: model size >= 16384 MiB (est. 85132 MiB)
AMD Radeon RX 7800 XT,524288,128,43956827248,43956.827248,170261.9952697754,,16384.0,,,,,,oom,pre-run: model size >= 16384 MiB (est. 170262 MiB)
AMD Radeon RX 7800 XT,1048576,128,87913133168,87913.133168,340521.9952697754,,16384.0,,,,,,oom,pre-run: model size >= 16384 MiB (est. 340522 MiB)
AMD Radeon RX 7800 XT,0,256,575088,0.575088,2.205230712890625,0.0,16384.0,3.4882000036304817,3.6995999980717897,3.519199999573175,3.536059999896679,0.058330251567804796,,
AMD Radeon RX 7800 XT,1,256,906608,0.906608,3.4796829223632812,0.0,16384.0,3.7486000001081266,4.033999997773208,3.9213999989442527,3.9110299992898945,0.09347917710036613,,
AMD Radeon RX 7800 XT,2,256,1238128,1.238128,4.7541351318359375,0.0,16384.0,3.9546999978483655,4.395299998577684,4.05989999853773,4.11000999956741,0.1361558986738443,,
AMD Radeon RX 7800 XT,4,256,1901168,1.901168,7.30303955078125,0.0,16384.0,4.408699998748489,4.791300001670606,4.60755000312929,4.588080001849448,0.10969337117796041,,
AMD Radeon RX 7800 XT,8,256,3227248,3.227248,12.400848388671875,0.0,16384.0,5.192600001464598,5.48710000293795,5.340799998521106,5.3435100002388936,0.10859776724591137,,
AMD Radeon RX 7800 XT,16,256,5879408,5.879408,22.596466064453125,0.0,16384.0,6.824900003266521,7.281599995621946,7.069399998727022,7.068540000182111,0.15047617788654472,,
AMD Radeon RX 7800 XT,32,256,11183728,11.183728,42.987701416015625,0.0,16384.0,10.082400003739167,10.702300001867115,10.404300002846867,10.393380001187325,0.1916321092416101,,
AMD Radeon RX 7800 XT,64,256,21792368,21.792368,83.77017211914062,0.0,16384.0,20.0263000006089,21.61270000215154,20.91995000228053,20.82388999988325,0.5061394886471856,,
AMD Radeon RX 7800 XT,128,256,43009648,43.009648,165.33511352539062,0.0,16384.0,47.43820000294363,50.8516000045347,48.511999997572275,48.782699999719625,0.9242036970841457,,
AMD Radeon RX 7800 XT,256,256,85444208,85.444208,328.4649963378906,0.0,16384.0,141.908899997361,146.21620000252733,144.42364999922574,144.37901999990572,1.3182769576494184,,
AMD Radeon RX 7800 XT,512,256,170313328,170.313328,654.7247619628906,0.0,16384.0,503.608200000599,510.1587000026484,507.8145500010578,507.4721100005263,2.0948944159239304,,
AMD Radeon RX 7800 XT,1024,256,340051568,340.051568,1307.2442932128906,,16384.0,,,,,,time,blocked: lower width failed at stages=1024 (time limit)
AMD Radeon RX 7800 XT,2048,256,679528048,679.528048,2612.2833557128906,,16384.0,,,,,,time,blocked: lower width failed at stages=1024 (time limit)
AMD Radeon RX 7800 XT,4096,256,1358481008,1358.481008,5222.361480712891,,16384.0,,,,,,time,blocked: lower width failed at stages=1024 (time limit)
AMD Radeon RX 7800 XT,8192,256,2716386928,2716.386928,10442.51773071289,,16384.0,,,,,,time,blocked: lower width failed at stages=1024 (time limit)
AMD Radeon RX 7800 XT,16384,256,5432198768,5432.198768,20882.83023071289,,16384.0,,,,,,oom,pre-run: model size >= 16384 MiB (est. 20883 MiB)
AMD Radeon RX 7800 XT,32768,256,10863822448,10863.822448,41763.45523071289,,16384.0,,,,,,oom,pre-run: model size >= 16384 MiB (est. 41763 MiB)
AMD Radeon RX 7800 XT,65536,256,21727069808,21727.069808,83524.70523071289,,16384.0,,,,,,oom,pre-run: model size >= 16384 MiB (est. 83525 MiB)
AMD Radeon RX 7800 XT,131072,256,43453564528,43453.564528,167047.2052307129,,16384.0,,,,,,oom,pre-run: model size >= 16384 MiB (est. 167047 MiB)
AMD Radeon RX 7800 XT,262144,256,86906553968,86906.553968,334092.2052307129,,16384.0,,,,,,oom,pre-run: model size >= 16384 MiB (est. 334092 MiB)
AMD Radeon RX 7800 XT,524288,256,173812532848,173812.532848,668182.2052307129,,16384.0,,,,,,oom,pre-run: model size >= 16384 MiB (est. 668182 MiB)
AMD Radeon RX 7800 XT,1048576,256,347624490608,347624.490608,1336362.205230713,,16384.0,,,,,,oom,pre-run: model size >= 16384 MiB (est. 1336362 MiB)
AMD Radeon RX 7800 XT,0,512,682608,0.682608,2.625152587890625,0.0,16384.0,3.5905999975511804,3.850600005534943,3.6668999964604154,3.7007499988249037,0.09921843989637853,,
AMD Radeon RX 7800 XT,1,512,2001008,2.001008,7.674018859863281,0.0,16384.0,4.174299996520858,4.484600001887884,4.326550002588192,4.316469999321271,0.10747372823981957,,
AMD Radeon RX 7800 XT,2,512,3319408,3.319408,12.722885131835938,0.0,16384.0,4.731399996671826,5.371600003854837,4.846699997870019,4.961560000083409,0.22861832564718676,,
AMD Radeon RX 7800 XT,4,512,5956208,5.956208,22.82061767578125,0.0,16384.0,5.896599999687169,6.161000004794914,5.97859999834327,5.990590000146767,0.07042061595432789,,
AMD Radeon RX 7800 XT,8,512,11229808,11.229808,43.016082763671875,0.0,16384.0,7.699399997363798,8.409000001847744,7.9996999993454665,8.01690999942366,0.20430192171977776,,
AMD Radeon RX 7800 XT,16,512,21777008,21.777008,83.40701293945312,0.0,16384.0,11.702799994964153,12.418899998010602,11.970999996265164,12.022929998056497,0.22125944193736838,,
AMD Radeon RX 7800 XT,32,512,42871408,42.871408,164.18887329101562,0.0,16384.0,20.170299998426344,21.489099999598693,20.339200000307756,20.604519998596516,0.4671662780171641,,
AMD Radeon RX 7800 XT,64,512,85060208,85.060208,325.7525939941406,0.0,16384.0,36.6474999973434,36.774899999727495,36.68325000035111,36.68877999953111,0.03371307805304256,,
AMD Radeon RX 7800 XT,128,512,169437808,169.437808,648.8800354003906,0.0,16384.0,69.56419999914942,246.43379999906756,69.68544999836013,87.86768999998458,52.86787286536521,,
AMD Radeon RX 7800 XT,256,512,338193008,338.193008,1295.1349182128906,0.0,16384.0,151.5852000011364,155.72339999926044,154.41035000185366,154.01590000110446,1.4861501544564018,,
AMD Radeon RX 7800 XT,512,512,675703408,675.703408,2587.6446838378906,0.0,16384.0,500.09899999713525,511.71469999826513,507.4544999988575,506.15087999831303,4.057266145143306,,
AMD Radeon RX 7800 XT,1024,512,1350724208,1350.724208,5172.664215087891,,16384.0,,,,,,time,blocked: lower width failed at stages=1024 (time limit)
AMD Radeon RX 7800 XT,2048,512,2700765808,2700.765808,10342.70327758789,,16384.0,,,,,,time,blocked: lower width failed at stages=1024 (time limit)
AMD Radeon RX 7800 XT,4096,512,5400849008,5400.849008,20682.78140258789,,16384.0,,,,,,oom,pre-run: model size >= 16384 MiB (est. 20683 MiB)
AMD Radeon RX 7800 XT,8192,512,10801015408,10801.015408,41362.93765258789,,16384.0,,,,,,oom,pre-run: model size >= 16384 MiB (est. 41363 MiB)
AMD Radeon RX 7800 XT,16384,512,21601348208,21601.348208,82723.25015258789,,16384.0,,,,,,oom,pre-run: model size >= 16384 MiB (est. 82723 MiB)
AMD Radeon RX 7800 XT,32768,512,43202013808,43202.013808,165443.8751525879,,16384.0,,,,,,oom,pre-run: model size >= 16384 MiB (est. 165444 MiB)
AMD Radeon RX 7800 XT,65536,512,86403345008,86403.345008,330885.1251525879,,16384.0,,,,,,oom,pre-run: model size >= 16384 MiB (est. 330885 MiB)
AMD Radeon RX 7800 XT,131072,512,172806007408,172806.007408,661767.6251525879,,16384.0,,,,,,oom,pre-run: model size >= 16384 MiB (est. 661768 MiB)
AMD Radeon RX 7800 XT,262144,512,345611332208,345611.332208,1323532.625152588,,16384.0,,,,,,oom,pre-run: model size >= 16384 MiB (est. 1323533 MiB)
AMD Radeon RX 7800 XT,524288,512,691221981808,691221.981808,2647062.625152588,,16384.0,,,,,,oom,pre-run: model size >= 16384 MiB (est. 2647063 MiB)
AMD Radeon RX 7800 XT,1048576,512,1382443281008,1382443.281008,5294122.625152588,,16384.0,,,,,,oom,pre-run: model size >= 16384 MiB (est. 5294123 MiB)
AMD Radeon RX 7800 XT,0,1024,897648,0.897648,3.464996337890625,0.0,16384.0,3.761500003747642,3.9165999987744726,3.8429000014730264,3.836289999890141,0.045738264537608514,,
AMD Radeon RX 7800 XT,1,1024,6155888,6.155888,23.56269073486328,0.0,16384.0,5.4576999973505735,5.99050000164425,5.528400004550349,5.640640001365682,0.18611960181889706,,
AMD Radeon RX 7800 XT,2,1024,11414128,11.414128,43.66038513183594,0.0,16384.0,6.969999994907994,7.26320000103442,7.081499999912921,7.093239999812795,0.09162016584185657,,
AMD Radeon RX 7800 XT,4,1024,21930608,21.930608,83.85577392578125,0.0,16384.0,9.720800000650343,10.24429999961285,10.047100000520004,10.042310000426369,0.1507882530833354,,
AMD Radeon RX 7800 XT,8,1024,42963568,42.963568,164.24655151367188,0.0,16384.0,15.540000000328291,16.392500001529697,15.830100001039682,15.883130000293022,0.2756138183650996,,
AMD Radeon RX 7800 XT,16,1024,85029488,85.029488,325.0281066894531,0.0,16384.0,26.933399996778462,28.19889999955194,27.033449998270953,27.231169997685356,0.38605091674849495,,
AMD Radeon RX 7800 XT,32,1024,169161328,169.161328,646.5912170410156,0.0,16384.0,50.14849999861326,51.596600002085324,51.3020000034885,51.038180000614375,0.5198290575731854,,
AMD Radeon RX 7800 XT,64,1024,337425008,337.425008,1289.7174377441406,0.0,16384.0,97.09709999879124,105.483399995137,99.089350002032,99.5216999996046,2.1364944464285816,,
AMD Radeon RX 7800 XT,128,1024,673952368,673.952368,2575.9698791503906,0.0,16384.0,191.57789999735542,384.4214000055217,195.11899999997695,238.94077000004472,68.17809917384473,,
AMD Radeon RX 7800 XT,256,1024,1347007088,1347.007088,5148.474761962891,0.0,16384.0,424.01450000033947,709.7457999989274,425.4963500025042,492.1211000015319,104.91255313331956,,
AMD Radeon RX 7800 XT,512,1024,2693116528,2693.116528,10293.48452758789,,16384.0,,,,,,time,run took 1061.94 ms (> 1000 ms)
AMD Radeon RX 7800 XT,1024,1024,5385335408,5385.335408,20583.50405883789,,16384.0,,,,,,oom,pre-run: model size >= 16384 MiB (est. 20584 MiB)
AMD Radeon RX 7800 XT,2048,1024,10769773168,10769.773168,41163.54312133789,,16384.0,,,,,,oom,pre-run: model size >= 16384 MiB (est. 41164 MiB)
AMD Radeon RX 7800 XT,4096,1024,21538648688,21538.648688,82323.62124633789,,16384.0,,,,,,oom,pre-run: model size >= 16384 MiB (est. 82324 MiB)
AMD Radeon RX 7800 XT,8192,1024,43076399728,43076.399728,164643.7774963379,,16384.0,,,,,,oom,pre-run: model size >= 16384 MiB (est. 164644 MiB)
AMD Radeon RX 7800 XT,16384,1024,86151901808,86151.901808,329284.0899963379,,16384.0,,,,,,oom,pre-run: model size >= 16384 MiB (est. 329284 MiB)
AMD Radeon RX 7800 XT,32768,1024,172302905968,172302.905968,658564.7149963379,,16384.0,,,,,,oom,pre-run: model size >= 16384 MiB (est. 658565 MiB)
AMD Radeon RX 7800 XT,65536,1024,344604914288,344604.914288,1317125.964996338,,16384.0,,,,,,oom,pre-run: model size >= 16384 MiB (est. 1317126 MiB)
AMD Radeon RX 7800 XT,131072,1024,689208930928,689208.930928,2634248.464996338,,16384.0,,,,,,oom,pre-run: model size >= 16384 MiB (est. 2634248 MiB)
AMD Radeon RX 7800 XT,262144,1024,1378416964208,1378416.964208,5268493.464996338,,16384.0,,,,,,oom,pre-run: model size >= 16384 MiB (est. 5268493 MiB)
AMD Radeon RX 7800 XT,524288,1024,2756833030768,2756833.030768,10536983.464996338,,16384.0,,,,,,oom,pre-run: model size >= 16384 MiB (est. 10536983 MiB)
AMD Radeon RX 7800 XT,1048576,1024,5513665163888,5513665.163888,21073963.464996338,,16384.0,,,,,,oom,pre-run: model size >= 16384 MiB (est. 21073963 MiB)
AMD Radeon RX 7800 XT,0,2048,1327728,1.327728,5.144683837890625,0.0,16384.0,4.090299997187685,4.379100006190129,4.235099997458747,4.232689999480499,0.09906563069373084,,
AMD Radeon RX 7800 XT,1,2048,22329968,22.329968,85.34003448486328,0.0,16384.0,9.154600003967062,9.529899994959123,9.377500002301531,9.34752999964985,0.12409841156091546,,
AMD Radeon RX 7800 XT,2,2048,43332208,43.332208,165.53538513183594,0.0,16384.0,14.091999997617677,14.772199996514246,14.3744999950286,14.41443999792682,0.23455585750336885,,
AMD Radeon RX 7800 XT,4,2048,85336688,85.336688,325.92608642578125,0.0,16384.0,23.16900000005262,24.949200000264682,23.764549998304574,23.81706999949529,0.5565928083366903,,
AMD Radeon RX 7800 XT,8,2048,169345648,169.345648,646.7074890136719,0.0,16384.0,42.9126000017277,44.694199998048134,44.30760000104783,44.055189999198774,0.557131823982458,,
AMD Radeon RX 7800 XT,16,2048,337363568,337.363568,1288.2702941894531,0.0,16384.0,84.84229999885429,85.20509999652859,84.95815000060247,84.99006000056397,0.1247045652106294,,
AMD Radeon RX 7800 XT,32,2048,673399408,673.399408,2571.3959045410156,0.0,16384.0,165.94849999819417,166.69510000065202,166.20654999860562,166.21822999950382,0.21819315332641784,,
AMD Radeon RX 7800 XT,64,2048,1345471088,1345.471088,5137.647125244141,0.0,16384.0,453.55969999945955,459.0107000040007,455.9961499981,456.1516499998106,1.7871675798247046,,
AMD Radeon RX 7800 XT,128,2048,2689614448,2689.614448,10270.14956665039,,16384.0,,,,,,time,run took 1215.30 ms (> 1000 ms)
AMD Radeon RX 7800 XT,256,2048,5377901168,5377.901168,20535.15444946289,,16384.0,,,,,,oom,pre-run: model size >= 16384 MiB (est. 20535 MiB)
AMD Radeon RX 7800 XT,512,2048,10754474608,10754.474608,41065.16421508789,,16384.0,,,,,,oom,pre-run: model size >= 16384 MiB (est. 41065 MiB)
AMD Radeon RX 7800 XT,1024,2048,21507621488,21507.621488,82125.18374633789,,16384.0,,,,,,oom,pre-run: model size >= 16384 MiB (est. 82125 MiB)
AMD Radeon RX 7800 XT,2048,2048,43013915248,43013.915248,164245.2228088379,,16384.0,,,,,,oom,pre-run: model size >= 16384 MiB (est. 164245 MiB)
AMD Radeon RX 7800 XT,4096,2048,86026502768,86026.502768,328485.3009338379,,16384.0,,,,,,oom,pre-run: model size >= 16384 MiB (est. 328485 MiB)
AMD Radeon RX 7800 XT,8192,2048,172051677808,172051.677808,656965.4571838379,,16384.0,,,,,,oom,pre-run: model size >= 16384 MiB (est. 656965 MiB)
AMD Radeon RX 7800 XT,16384,2048,344102027888,344102.027888,1313925.769683838,,16384.0,,,,,,oom,pre-run: model size >= 16384 MiB (est. 1313926 MiB)
AMD Radeon RX 7800 XT,32768,2048,688202728048,688202.728048,2627846.394683838,,16384.0,,,,,,oom,pre-run: model size >= 16384 MiB (est. 2627846 MiB)
AMD Radeon RX 7800 XT,65536,2048,1376404128368,1376404.128368,5255687.644683838,,16384.0,,,,,,oom,pre-run: model size >= 16384 MiB (est. 5255688 MiB)
AMD Radeon RX 7800 XT,131072,2048,2752806929008,2752806.929008,10511370.144683838,,16384.0,,,,,,oom,pre-run: model size >= 16384 MiB (est. 10511370 MiB)
AMD Radeon RX 7800 XT,262144,2048,5505612530288,5505612.530288,21022735.144683838,,16384.0,,,,,,oom,pre-run: model size >= 16384 MiB (est. 21022735 MiB)
AMD Radeon RX 7800 XT,524288,2048,11011223732848,11011223.732848,42045465.14468384,,16384.0,,,,,,oom,pre-run: model size >= 16384 MiB (est. 42045465 MiB)
AMD Radeon RX 7800 XT,1048576,2048,22022446137968,22022446.137968,84090925.14468384,,16384.0,,,,,,oom,pre-run: model size >= 16384 MiB (est. 84090925 MiB)
AMD Radeon RX 7800 XT,0,4096,2187888,2.187888,8.504058837890625,0.0,16384.0,4.603800000040792,5.098399997223169,4.6687499998370185,4.723229998489842,0.14074923078020166,,
AMD Radeon RX 7800 XT,1,4096,86135408,86.135408,328.8947219848633,0.0,16384.0,22.067199999582954,23.656400000618305,22.59694999884232,22.68418999883579,0.47978802711887153,,
AMD Radeon RX 7800 XT,2,4096,170082928,170.082928,649.2853851318359,0.0,16384.0,39.96080000069924,45.91200000140816,41.45260000223061,41.632750000280794,1.5790320595993674,,
AMD Radeon RX 7800 XT,4,4096,337977968,337.977968,1290.0667114257812,0.0,16384.0,78.67070000065723,79.26459999725921,79.00280000103521,78.98342999978922,0.16605055240882738,,
AMD Radeon RX 7800 XT,8,4096,673768048,673.768048,2571.629364013672,0.0,16384.0,153.07949999987613,156.91990000050282,153.59230000103707,153.8875400001416,1.073192858687293,,
AMD Radeon RX 7800 XT,16,4096,1345348208,1345.348208,5134.754669189453,0.0,16384.0,302.1158000046853,303.2225999995717,302.84854999990785,302.84761999937473,0.2803225220049186,,
AMD Radeon RX 7800 XT,32,4096,2688508528,2688.508528,10261.005279541016,,16384.0,,,,,,time,run took 1958.79 ms (> 1000 ms)
AMD Radeon RX 7800 XT,64,4096,5374829168,5374.829168,20513.50650024414,,16384.0,,,,,,oom,pre-run: model size >= 16384 MiB (est. 20514 MiB)
AMD Radeon RX 7800 XT,128,4096,10747470448,10747.470448,41018.50894165039,,16384.0,,,,,,oom,pre-run: model size >= 16384 MiB (est. 41019 MiB)
AMD Radeon RX 7800 XT,256,4096,21492753008,21492.753008,82028.51382446289,,16384.0,,,,,,oom,pre-run: model size >= 16384 MiB (est. 82029 MiB)
AMD Radeon RX 7800 XT,512,4096,42983318128,42983.318128,164048.5235900879,,16384.0,,,,,,oom,pre-run: model size >= 16384 MiB (est. 164049 MiB)
AMD Radeon RX 7800 XT,1024,4096,85964448368,85964.448368,328088.5431213379,,16384.0,,,,,,oom,pre-run: model size >= 16384 MiB (est. 328089 MiB)
AMD Radeon RX 7800 XT,2048,4096,171926708848,171926.708848,656168.5821838379,,16384.0,,,,,,oom,pre-run: model size >= 16384 MiB (est. 656169 MiB)
AMD Radeon RX 7800 XT,4096,4096,343851229808,343851.229808,1312328.660308838,,16384.0,,,,,,oom,pre-run: model size >= 16384 MiB (est. 1312329 MiB)
AMD Radeon RX 7800 XT,8192,4096,687700271728,687700.271728,2624648.816558838,,16384.0,,,,,,oom,pre-run: model size >= 16384 MiB (est. 2624649 MiB)
AMD Radeon RX 7800 XT,16384,4096,1375398355568,1375398.355568,5249289.129058838,,16384.0,,,,,,oom,pre-run: model size >= 16384 MiB (est. 5249289 MiB)
AMD Radeon RX 7800 XT,32768,4096,2750794523248,2750794.523248,10498569.754058838,,16384.0,,,,,,oom,pre-run: model size >= 16384 MiB (est. 10498570 MiB)
AMD Radeon RX 7800 XT,65536,4096,5501586858608,5501586.858608,20997131.004058838,,16384.0,,,,,,oom,pre-run: model size >= 16384 MiB (est. 20997131 MiB)
AMD Radeon RX 7800 XT,131072,4096,11003171529328,11003171.529328,41994253.50405884,,16384.0,,,,,,oom,pre-run: model size >= 16384 MiB (est. 41994254 MiB)
AMD Radeon RX 7800 XT,262144,4096,22006340870768,22006340.870768,83988498.50405884,,16384.0,,,,,,oom,pre-run: model size >= 16384 MiB (est. 83988499 MiB)
AMD Radeon RX 7800 XT,524288,4096,44012679553648,44012679.553648,167976988.50405884,,16384.0,,,,,,oom,pre-run: model size >= 16384 MiB (est. 167976989 MiB)
AMD Radeon RX 7800 XT,1048576,4096,88025356919408,88025356.919408,335953968.50405884,,16384.0,,,,,,oom,pre-run: model size >= 16384 MiB (est. 335953969 MiB)
AMD Radeon RX 7800 XT,0,8192,3908208,3.908208,15.222808837890625,0.0,16384.0,5.858099997567479,6.556300002557691,5.942799998592818,6.032030000642408,0.1950960392605079,,
AMD Radeon RX 7800 XT,1,8192,339575408,339.575408,1296.0040969848633,0.0,16384.0,78.72679999854881,79.83170000079554,79.26644999679411,79.29258999865851,0.31878778602115554,,
AMD Radeon RX 7800 XT,2,8192,675242608,675.242608,2576.785385131836,0.0,16384.0,152.04970000195317,153.23280000302475,152.6340500022343,152.67531000063173,0.32797792134172143,,
AMD Radeon RX 7800 XT,4,8192,1346577008,1346.577008,5138.347961425781,0.0,16384.0,301.1493000012706,302.64899999747286,301.9423499972618,301.83764999746927,0.5193285027513023,,
AMD Radeon RX 7800 XT,8,8192,2689245808,2689.245808,10261.473114013672,,16384.0,,,,,,time,run took 1753.01 ms (> 1000 ms)
AMD Radeon RX 7800 XT,16,8192,5374583408,5374.583408,20507.723419189453,,16384.0,,,,,,oom,pre-run: model size >= 16384 MiB (est. 20508 MiB)
AMD Radeon RX 7800 XT,32,8192,10745258608,10745.258608,41000.224029541016,,16384.0,,,,,,oom,pre-run: model size >= 16384 MiB (est. 41000 MiB)
AMD Radeon RX 7800 XT,64,8192,21486609008,21486.609008,81985.22525024414,,16384.0,,,,,,oom,pre-run: model size >= 16384 MiB (est. 81985 MiB)
AMD Radeon RX 7800 XT,128,8192,42969309808,42969.309808,163955.2276916504,,16384.0,,,,,,oom,pre-run: model size >= 16384 MiB (est. 163955 MiB)
AMD Radeon RX 7800 XT,256,8192,85934711408,85934.711408,327895.2325744629,,16384.0,,,,,,oom,pre-run: model size >= 16384 MiB (est. 327895 MiB)
AMD Radeon RX 7800 XT,512,8192,171865514608,171865.514608,655775.2423400879,,16384.0,,,,,,oom,pre-run: model size >= 16384 MiB (est. 655775 MiB)
AMD Radeon RX 7800 XT,1024,8192,343727121008,343727.121008,1311535.261871338,,16384.0,,,,,,oom,pre-run: model size >= 16384 MiB (est. 1311535 MiB)
AMD Radeon RX 7800 XT,2048,8192,687450333808,687450.333808,2623055.300933838,,16384.0,,,,,,oom,pre-run: model size >= 16384 MiB (est. 2623055 MiB)
AMD Radeon RX 7800 XT,4096,8192,1374896759408,1374896.759408,5246095.379058838,,16384.0,,,,,,oom,pre-run: model size >= 16384 MiB (est. 5246095 MiB)
AMD Radeon RX 7800 XT,8192,8192,2749789610608,2749789.610608,10492175.535308838,,16384.0,,,,,,oom,pre-run: model size >= 16384 MiB (est. 10492176 MiB)
AMD Radeon RX 7800 XT,16384,8192,5499575313008,5499575.313008,20984335.847808838,,16384.0,,,,,,oom,pre-run: model size >= 16384 MiB (est. 20984336 MiB)
AMD Radeon RX 7800 XT,32768,8192,10999146717808,10999146.717808,41968656.47280884,,16384.0,,,,,,oom,pre-run: model size >= 16384 MiB (est. 41968656 MiB)
AMD Radeon RX 7800 XT,65536,8192,21998289527408,21998289.527408,83937297.72280884,,16384.0,,,,,,oom,pre-run: model size >= 16384 MiB (est. 83937298 MiB)
AMD Radeon RX 7800 XT,131072,8192,43996575146608,43996575.146608,167874580.22280884,,16384.0,,,,,,oom,pre-run: model size >= 16384 MiB (est. 167874580 MiB)
AMD Radeon RX 7800 XT,262144,8192,87993146385008,87993146.385008,335749145.22280884,,16384.0,,,,,,oom,pre-run: model size >= 16384 MiB (est. 335749145 MiB)
AMD Radeon RX 7800 XT,524288,8192,175986288861808,175986288.861808,671498275.2228088,,16384.0,,,,,,oom,pre-run: model size >= 16384 MiB (est. 671498275 MiB)
AMD Radeon RX 7800 XT,1048576,8192,351972573815408,351972573.815408,1342996535.2228088,,16384.0,,,,,,oom,pre-run: model size >= 16384 MiB (est. 1342996535 MiB)
AMD Radeon RX 7800 XT,0,16384,7348848,7.348848,28.660308837890625,0.0,16384.0,9.038300006068312,9.719499998027459,9.246550001989817,9.344589999818709,0.22627761216383374,,
AMD Radeon RX 7800 XT,1,16384,1349771888,1349.771888,5150.222846984863,0.0,16384.0,304.7617000047467,308.7556000027689,305.32585000037216,305.5571900003997,1.092356406366137,,
AMD Radeon RX 7800 XT,2,16384,2692194928,2692.194928,10271.785385131836,,16384.0,,,,,,oom,Could not allocate tensor with 372244480 bytes. There is not enough GPU video memory available!
AMD Radeon RX 7800 XT,4,16384,5377041008,5377.041008,20514.91046142578,,16384.0,,,,,,oom,pre-run: model size >= 16384 MiB (est. 20515 MiB)
AMD Radeon RX 7800 XT,8,16384,10746733168,10746.733168,41001.16061401367,,16384.0,,,,,,oom,pre-run: model size >= 16384 MiB (est. 41001 MiB)
AMD Radeon RX 7800 XT,16,16384,21486117488,21486.117488,81973.66091918945,,16384.0,,,,,,oom,pre-run: model size >= 16384 MiB (est. 81974 MiB)
AMD Radeon RX 7800 XT,32,16384,42964886128,42964.886128,163918.66152954102,,16384.0,,,,,,oom,pre-run: model size >= 16384 MiB (est. 163919 MiB)
AMD Radeon RX 7800 XT,64,16384,85922423408,85922.423408,327808.66275024414,,16384.0,,,,,,oom,pre-run: model size >= 16384 MiB (est. 327809 MiB)
AMD Radeon RX 7800 XT,128,16384,171837497968,171837.497968,655588.6651916504,,16384.0,,,,,,oom,pre-run: model size >= 16384 MiB (est. 655589 MiB)
AMD Radeon RX 7800 XT,256,16384,343667647088,343667.647088,1311148.670074463,,16384.0,,,,,,oom,pre-run: model size >= 16384 MiB (est. 1311149 MiB)
AMD Radeon RX 7800 XT,512,16384,687327945328,687327.945328,2622268.679840088,,16384.0,,,,,,oom,pre-run: model size >= 16384 MiB (est. 2622269 MiB)
AMD Radeon RX 7800 XT,1024,16384,1374648541808,1374648.541808,5244508.699371338,,16384.0,,,,,,oom,pre-run: model size >= 16384 MiB (est. 5244509 MiB)
AMD Radeon RX 7800 XT,2048,16384,2749289734768,2749289.734768,10488988.738433838,,16384.0,,,,,,oom,pre-run: model size >= 16384 MiB (est. 10488989 MiB)
AMD Radeon RX 7800 XT,4096,16384,5498572120688,5498572.120688,20977948.816558838,,16384.0,,,,,,oom,pre-run: model size >= 16384 MiB (est. 20977949 MiB)
AMD Radeon RX 7800 XT,8192,16384,10997136892528,10997136.892528,41955868.97280884,,16384.0,,,,,,oom,pre-run: model size >= 16384 MiB (est. 41955869 MiB)
AMD Radeon RX 7800 XT,16384,16384,21994266436208,21994266.436208,83911709.28530884,,16384.0,,,,,,oom,pre-run: model size >= 16384 MiB (est. 83911709 MiB)
AMD Radeon RX 7800 XT,32768,16384,43988525523568,43988525.523568,167823389.91030884,,16384.0,,,,,,oom,pre-run: model size >= 16384 MiB (est. 167823390 MiB)
AMD Radeon RX 7800 XT,65536,16384,87977043698288,87977043.698288,335646751.16030884,,16384.0,,,,,,oom,pre-run: model size >= 16384 MiB (est. 335646751 MiB)
AMD Radeon RX 7800 XT,131072,16384,175954080047728,175954080.047728,671293473.6603088,,16384.0,,,,,,oom,pre-run: model size >= 16384 MiB (est. 671293474 MiB)
AMD Radeon RX 7800 XT,262144,16384,351908152746608,351908152.746608,1342586918.6603088,,16384.0,,,,,,oom,pre-run: model size >= 16384 MiB (est. 1342586919 MiB)
AMD Radeon RX 7800 XT,524288,16384,703816298144368,703816298.144368,2685173808.660309,,16384.0,,,,,,oom,pre-run: model size >= 16384 MiB (est. 2685173809 MiB)
AMD Radeon RX 7800 XT,1048576,16384,1407632588939888,1407632588.939888,5370347588.660309,,16384.0,,,,,,oom,pre-run: model size >= 16384 MiB (est. 5370347589 MiB)
AMD Radeon RX 7800 XT,0,32768,14230128,14.230128,55.535308837890625,0.0,16384.0,14.381900000444148,15.085899998666719,14.60659999793279,14.6328300004825,0.24265949489653899,,
AMD Radeon RX 7800 XT,1,32768,5383430768,5383.430768,20538.660346984863,,16384.0,,,,,,oom,pre-run: model size >= 16384 MiB (est. 20539 MiB)
AMD Radeon RX 7800 XT,2,32768,10752631408,10752.631408,41021.785385131836,,16384.0,,,,,,oom,pre-run: model size >= 16384 MiB (est. 41022 MiB)
AMD Radeon RX 7800 XT,4,32768,21491032688,21491.032688,81988.03546142578,,16384.0,,,,,,oom,pre-run: model size >= 16384 MiB (est. 81988 MiB)
AMD Radeon RX 7800 XT,8,32768,42967835248,42967.835248,163920.53561401367,,16384.0,,,,,,oom,pre-run: model size >= 16384 MiB (est. 163921 MiB)
AMD Radeon RX 7800 XT,16,32768,85921440368,85921.440368,327785.53591918945,,16384.0,,,,,,oom,pre-run: model size >= 16384 MiB (est. 327786 MiB)
AMD Radeon RX 7800 XT,32,32768,171828650608,171828.650608,655515.536529541,,16384.0,,,,,,oom,pre-run: model size >= 16384 MiB (est. 655516 MiB)
AMD Radeon RX 7800 XT,64,32768,343643071088,343643.071088,1310975.5377502441,,16384.0,,,,,,oom,pre-run: model size >= 16384 MiB (est. 1310976 MiB)
AMD Radeon RX 7800 XT,128,32768,687271912048,687271.912048,2621895.5401916504,,16384.0,,,,,,oom,pre-run: model size >= 16384 MiB (est. 2621896 MiB)
AMD Radeon RX 7800 XT,256,32768,1374529593968,1374529.593968,5243735.545074463,,16384.0,,,,,,oom,pre-run: model size >= 16384 MiB (est. 5243736 MiB)
AMD Radeon RX 7800 XT,512,32768,2749044957808,2749044.957808,10487415.554840088,,16384.0,,,,,,oom,pre-run: model size >= 16384 MiB (est. 10487416 MiB)
AMD Radeon RX 7800 XT,1024,32768,5498075685488,5498075.685488,20974775.574371338,,16384.0,,,,,,oom,pre-run: model size >= 16384 MiB (est. 20974776 MiB)
AMD Radeon RX 7800 XT,2048,32768,10996137140848,10996137.140848,41949495.61343384,,16384.0,,,,,,oom,pre-run: model size >= 16384 MiB (est. 41949496 MiB)
AMD Radeon RX 7800 XT,4096,32768,21992260051568,21992260.051568,83898935.69155884,,16384.0,,,,,,oom,pre-run: model size >= 16384 MiB (est. 83898936 MiB)
AMD Radeon RX 7800 XT,8192,32768,43984505873008,43984505.873008,167797815.84780884,,16384.0,,,,,,oom,pre-run: model size >= 16384 MiB (est. 167797816 MiB)
AMD Radeon RX 7800 XT,16384,32768,87968997515888,87968997.515888,335595576.16030884,,16384.0,,,,,,oom,pre-run: model size >= 16384 MiB (est. 335595576 MiB)
AMD Radeon RX 7800 XT,32768,32768,175937980801648,175937980.801648,671191096.7853088,,16384.0,,,,,,oom,pre-run: model size >= 16384 MiB (est. 671191097 MiB)
AMD Radeon RX 7800 XT,65536,32768,351875947373168,351875947.373168,1342382138.0353088,,16384.0,,,,,,oom,pre-run: model size >= 16384 MiB (est. 1342382138 MiB)
AMD Radeon RX 7800 XT,131072,32768,703751880516208,703751880.516208,2684764220.535309,,16384.0,,,,,,oom,pre-run: model size >= 16384 MiB (est. 2684764221 MiB)
AMD Radeon RX 7800 XT,262144,32768,1407503746802288,1407503746.802288,5369528385.535309,,16384.0,,,,,,oom,pre-run: model size >= 16384 MiB (est. 5369528386 MiB)
AMD Radeon RX 7800 XT,524288,32768,2815007479374448,2815007479.374448,10739056715.535309,,16384.0,,,,,,oom,pre-run: model size >= 16384 MiB (est. 10739056716 MiB)
AMD Radeon RX 7800 XT,1048576,32768,5630014944518768,5630014944.518768,21478113375.53531,,16384.0,,,,,,oom,pre-run: model size >= 16384 MiB (est. 21478113376 MiB)
AMD Radeon(TM) Graphics,0,2,468408,0.468408,1.7885894775390625,0.0,512.0,96.77999999985332,96.98729999945499,96.8533999985084,96.85415999920224,0.057547862375560435,,
AMD Radeon(TM) Graphics,1,2,468458,0.468458,1.7888946533203125,0.0,512.0,96.8323999986751,97.06929999811109,96.97569999843836,96.95392999856267,0.06186884658550991,,
AMD Radeon(TM) Graphics,2,2,468508,0.468508,1.7891998291015625,0.0,512.0,96.90640000189887,97.17970000201603,97.02879999895231,97.02624999918044,0.08382463015687158,,
AMD Radeon(TM) Graphics,4,2,468608,0.468608,1.7898101806640625,0.0,512.0,97.03530000115279,97.26909999881173,97.1578499993484,97.16324000110035,0.06681221723254308,,
AMD Radeon(TM) Graphics,8,2,468808,0.468808,1.7910308837890625,0.0,512.0,97.30819999822415,97.5823999979184,97.49115000522579,97.47566000005463,0.08631681429916424,,
AMD Radeon(TM) Graphics,16,2,469208,0.469208,1.7934722900390625,0.0,512.0,98.05449999839766,98.28589999960968,98.18259999883594,98.16640999852098,0.07309476709290046,,
AMD Radeon(TM) Graphics,32,2,470008,0.470008,1.7983551025390625,0.0,512.0,99.28349999972852,99.55790000094566,99.42954999860376,99.41557000056491,0.07860402168433855,,
AMD Radeon(TM) Graphics,64,2,471608,0.471608,1.8081207275390625,0.0,512.0,101.89920000266284,102.24860000016633,101.99079999802052,102.0197099991492,0.11673031682586592,,
AMD Radeon(TM) Graphics,128,2,474808,0.474808,1.8276519775390625,0.0,512.0,107.09820000192849,107.35399999975925,107.19629999948665,107.22276000014972,0.09149069949115383,,
AMD Radeon(TM) Graphics,256,2,481208,0.481208,1.8667144775390625,0.0,512.0,159.1679999983171,163.03699999843957,161.3203999986581,161.34186999915983,1.2859614559667416,,
AMD Radeon(TM) Graphics,512,2,494008,0.494008,1.9448394775390625,0.0,512.0,515.7853000055184,527.5096000041231,524.7748000001593,522.9112400018494,4.229256429600722,,
AMD Radeon(TM) Graphics,1024,2,519608,0.519608,2.1010894775390625,,512.0,,,,,,time,run took 1858.11 ms (> 1000 ms)
AMD Radeon(TM) Graphics,2048,2,570808,0.570808,2.4135894775390625,,512.0,,,,,,time,blocked: lower width failed at stages=1024 (time limit)
AMD Radeon(TM) Graphics,4096,2,673208,0.673208,3.0385894775390625,,512.0,,,,,,time,blocked: lower width failed at stages=1024 (time limit)
AMD Radeon(TM) Graphics,8192,2,878008,0.878008,4.2885894775390625,,512.0,,,,,,time,blocked: lower width failed at stages=1024 (time limit)
AMD Radeon(TM) Graphics,16384,2,1287608,1.287608,6.7885894775390625,,512.0,,,,,,time,blocked: lower width failed at stages=1024 (time limit)
AMD Radeon(TM) Graphics,32768,2,2106808,2.106808,11.788589477539062,,512.0,,,,,,time,blocked: lower width failed at stages=1024 (time limit)
AMD Radeon(TM) Graphics,65536,2,3745208,3.745208,21.788589477539062,,512.0,,,,,,time,blocked: lower width failed at stages=1024 (time limit)
AMD Radeon(TM) Graphics,131072,2,7022008,7.022008,41.78858947753906,,512.0,,,,,,time,blocked: lower width failed at stages=1024 (time limit)
AMD Radeon(TM) Graphics,262144,2,13575608,13.575608,81.78858947753906,,512.0,,,,,,time,blocked: lower width failed at stages=1024 (time limit)
AMD Radeon(TM) Graphics,524288,2,26682808,26.682808,161.78858947753906,,512.0,,,,,,time,blocked: lower width failed at stages=1024 (time limit)
AMD Radeon(TM) Graphics,1048576,2,52897208,52.897208,321.78858947753906,,512.0,,,,,,time,blocked: lower width failed at stages=1024 (time limit)
AMD Radeon(TM) Graphics,0,4,469248,0.469248,1.7918701171875,0.0,512.0,96.93650000554044,97.17120000277646,97.03280000030645,97.04087999998592,0.06687656893515835,,
AMD Radeon(TM) Graphics,1,4,469388,0.469388,1.7925949096679688,0.0,512.0,97.1030999935465,97.21470000658883,97.16945000400301,97.16706999970484,0.03214644971700874,,
AMD Radeon(TM) Graphics,2,4,469528,0.469528,1.7933197021484375,0.0,512.0,97.1477999992203,97.34670000034384,97.2660499974154,97.25728999983403,0.07051820138342879,,
AMD Radeon(TM) Graphics,4,4,469808,0.469808,1.794769287109375,0.0,512.0,97.32629999780329,97.5209000025643,97.40754999802448,97.41088999944623,0.06454989477059868,,
AMD Radeon(TM) Graphics,8,4,470368,0.470368,1.79766845703125,0.0,512.0,97.6440000013099,97.88790000311565,97.75490000174614,97.74798000071314,0.0689731523092923,,
AMD Radeon(TM) Graphics,16,4,471488,0.471488,1.803466796875,0.0,512.0,98.33269999944605,98.64700000616722,98.45130000030622,98.44898000010289,0.08315160709547145,,
AMD Radeon(TM) Graphics,32,4,473728,0.473728,1.8150634765625,0.0,512.0,99.71289999521105,99.96839999803342,99.85490000326536,99.86023000092246,0.08042307053797616,,
AMD Radeon(TM) Graphics,64,4,478208,0.478208,1.8382568359375,0.0,512.0,102.62019999936456,102.95610000321176,102.68519999954151,102.73059999963152,0.11453803836014892,,
AMD Radeon(TM) Graphics,128,4,487168,0.487168,1.8846435546875,0.0,512.0,108.69649999949615,109.0630999970017,108.76810000263504,108.81764000150724,0.11850829560882087,,
AMD Radeon(TM) Graphics,256,4,505088,0.505088,1.9774169921875,0.0,512.0,162.21760000189533,167.8648000015528,164.77870000016992,164.9536300014006,1.5421560151714637,,
AMD Radeon(TM) Graphics,512,4,540928,0.540928,2.1629638671875,0.0,512.0,514.3219000019599,529.4013000020641,520.4823999993096,520.7126700006484,4.780799169539466,,
AMD Radeon(TM) Graphics,1024,4,612608,0.612608,2.5340576171875,,512.0,,,,,,time,blocked: lower width failed at stages=1024 (time limit)
AMD Radeon(TM) Graphics,2048,4,755968,0.755968,3.2762451171875,,512.0,,,,,,time,blocked: lower width failed at stages=1024 (time limit)
AMD Radeon(TM) Graphics,4096,4,1042688,1.042688,4.7606201171875,,512.0,,,,,,time,blocked: lower width failed at stages=1024 (time limit)
AMD Radeon(TM) Graphics,8192,4,1616128,1.616128,7.7293701171875,,512.0,,,,,,time,blocked: lower width failed at stages=1024 (time limit)
AMD Radeon(TM) Graphics,16384,4,2763008,2.763008,13.6668701171875,,512.0,,,,,,time,blocked: lower width failed at stages=1024 (time limit)
AMD Radeon(TM) Graphics,32768,4,5056768,5.056768,25.5418701171875,,512.0,,,,,,time,blocked: lower width failed at stages=1024 (time limit)
AMD Radeon(TM) Graphics,65536,4,9644288,9.644288,49.2918701171875,,512.0,,,,,,time,blocked: lower width failed at stages=1024 (time limit)
AMD Radeon(TM) Graphics,131072,4,18819328,18.819328,96.7918701171875,,512.0,,,,,,time,blocked: lower width failed at stages=1024 (time limit)
AMD Radeon(TM) Graphics,262144,4,37169408,37.169408,191.7918701171875,,512.0,,,,,,time,blocked: lower width failed at stages=1024 (time limit)
AMD Radeon(TM) Graphics,524288,4,73869568,73.869568,381.7918701171875,,512.0,,,,,,time,blocked: lower width failed at stages=1024 (time limit)
AMD Radeon(TM) Graphics,1048576,4,147269888,147.269888,761.7918701171875,,512.0,,,,,,oom,pre-run: model size >= 512 MiB (est. 762 MiB)
AMD Radeon(TM) Graphics,0,8,470928,0.470928,1.798431396484375,0.0,512.0,96.88219999952707,97.07419999904232,96.96990000156802,96.97204000040074,0.05777298939423546,,
AMD Radeon(TM) Graphics,1,8,471368,0.471368,1.8004531860351562,0.0,512.0,97.05209999810904,97.20930000185035,97.11395000340417,97.1258100013074,0.049474669634921094,,
AMD Radeon(TM) Graphics,2,8,471808,0.471808,1.8024749755859375,0.0,512.0,97.16040000057546,97.46380000433419,97.30610000042361,97.31619000158389,0.08106652205524843,,
AMD Radeon(TM) Graphics,4,8,472688,0.472688,1.8065185546875,0.0,512.0,97.48079999553738,97.78430000005756,97.61224999965634,97.62650999982725,0.09035617945053542,,
AMD Radeon(TM) Graphics,8,8,474448,0.474448,1.814605712890625,0.0,512.0,98.0660000059288,98.37740000511985,98.20480000053067,98.22454000095604,0.09477927215753827,,
AMD Radeon(TM) Graphics,16,8,477968,0.477968,1.830780029296875,0.0,512.0,99.29549999651499,99.63250000146218,99.51209999780986,99.5056099985959,0.09404561124137288,,
AMD Radeon(TM) Graphics,32,8,485008,0.485008,1.863128662109375,0.0,512.0,101.82269999495475,102.11990000243532,101.9649500012747,101.97401999976137,0.07689782720178606,,
AMD Radeon(TM) Graphics,64,8,499088,0.499088,1.927825927734375,0.0,512.0,106.79750000417698,107.0901999992202,106.8986499994935,106.9167000016023,0.08338292318075825,,
AMD Radeon(TM) Graphics,128,8,527248,0.527248,2.057220458984375,0.0,512.0,116.75010000180919,117.10070000117412,116.97845000162488,116.94617000030121,0.10227531493699558,,
AMD Radeon(TM) Graphics,256,8,583568,0.583568,2.316009521484375,0.0,512.0,166.2140000044019,168.48879999452038,167.25200000291807,167.32734000033815,0.7245758293671442,,
AMD Radeon(TM) Graphics,512,8,696208,0.696208,2.833587646484375,0.0,512.0,505.5274000042118,529.8825999998371,513.6366500009899,513.88894000047,7.209367541975446,,
AMD Radeon(TM) Graphics,1024,8,921488,0.921488,3.868743896484375,,512.0,,,,,,time,blocked: lower width failed at stages=1024 (time limit)
AMD Radeon(TM) Graphics,2048,8,1372048,1.372048,5.939056396484375,,512.0,,,,,,time,blocked: lower width failed at stages=1024 (time limit)
AMD Radeon(TM) Graphics,4096,8,2273168,2.273168,10.079681396484375,,512.0,,,,,,time,blocked: lower width failed at stages=1024 (time limit)
AMD Radeon(TM) Graphics,8192,8,4075408,4.075408,18.360931396484375,,512.0,,,,,,time,blocked: lower width failed at stages=1024 (time limit)
AMD Radeon(TM) Graphics,16384,8,7679888,7.679888,34.923431396484375,,512.0,,,,,,time,blocked: lower width failed at stages=1024 (time limit)
AMD Radeon(TM) Graphics,32768,8,14888848,14.888848,68.04843139648438,,512.0,,,,,,time,blocked: lower width failed at stages=1024 (time limit)
AMD Radeon(TM) Graphics,65536,8,29306768,29.306768,134.29843139648438,,512.0,,,,,,time,blocked: lower width failed at stages=1024 (time limit)
AMD Radeon(TM) Graphics,131072,8,58142608,58.142608,266.7984313964844,,512.0,,,,,,time,blocked: lower width failed at stages=1024 (time limit)
AMD Radeon(TM) Graphics,262144,8,115814288,115.814288,531.7984313964844,,512.0,,,,,,oom,pre-run: model size >= 512 MiB (est. 532 MiB)
AMD Radeon(TM) Graphics,524288,8,231157648,231.157648,1061.7984313964844,,512.0,,,,,,oom,pre-run: model size >= 512 MiB (est. 1062 MiB)
AMD Radeon(TM) Graphics,1048576,8,461844368,461.844368,2121.7984313964844,,512.0,,,,,,oom,pre-run: model size >= 512 MiB (est. 2122 MiB)
AMD Radeon(TM) Graphics,0,16,474288,0.474288,1.811553955078125,0.0,512.0,97.03949999675388,97.26590000354918,97.13529999862658,97.14893999989727,0.06973105864284876,,
AMD Radeon(TM) Graphics,1,16,475808,0.475808,1.8180007934570312,0.0,512.0,97.0856999992975,97.30929999932414,97.16554999977234,97.17157000050065,0.06801446999198793,,
AMD Radeon(TM) Graphics,2,16,477328,0.477328,1.8244476318359375,0.0,512.0,97.20750000269618,97.42990000086138,97.32830000211834,97.33607000016491,0.0694793213063545,,
AMD Radeon(TM) Graphics,4,16,480368,0.480368,1.83734130859375,0.0,512.0,97.63969999767141,97.85420000116574,97.70874999958323,97.72003999969456,0.06437043216540209,,
AMD Radeon(TM) Graphics,8,16,486448,0.486448,1.863128662109375,0.0,512.0,98.32679999817628,98.48629999760306,98.44915000212495,98.43049999981304,0.04961901003810739,,
AMD Radeon(TM) Graphics,16,16,498608,0.498608,1.914703369140625,0.0,512.0,99.88500000326894,100.14360000059241,99.92324999984703,99.95626000018092,0.07511281079846642,,
AMD Radeon(TM) Graphics,32,16,522928,0.522928,2.017852783203125,0.0,512.0,102.9086999988067,103.19080000044778,103.0162500028382,103.02339000190841,0.07851129171386696,,
AMD Radeon(TM) Graphics,64,16,571568,0.571568,2.224151611328125,0.0,512.0,108.91120000451338,109.29680000117514,109.03354999391013,109.03601999889361,0.11770679523872646,,
AMD Radeon(TM) Graphics,128,16,668848,0.668848,2.636749267578125,0.0,512.0,120.73030000465224,121.0473999963142,120.87400000018533,120.87976999901002,0.09205290753976958,,
AMD Radeon(TM) Graphics,256,16,863408,0.863408,3.461944580078125,0.0,512.0,167.1645999958855,175.07509999995818,169.72679999889806,170.51644999883138,3.073078646500215,,
AMD Radeon(TM) Graphics,512,16,1252528,1.252528,5.112335205078125,0.0,512.0,534.2252999980701,560.3316000051564,551.4106000009633,550.2526600001147,8.254874811330499,,
AMD Radeon(TM) Graphics,1024,16,2030768,2.030768,8.413116455078125,,512.0,,,,,,time,blocked: lower width failed at stages=1024 (time limit)
AMD Radeon(TM) Graphics,2048,16,3587248,3.587248,15.014678955078125,,512.0,,,,,,time,blocked: lower width failed at stages=1024 (time limit)
AMD Radeon(TM) Graphics,4096,16,6700208,6.700208,28.217803955078125,,512.0,,,,,,time,blocked: lower width failed at stages=1024 (time limit)
AMD Radeon(TM) Graphics,8192,16,12926128,12.926128,54.624053955078125,,512.0,,,,,,time,blocked: lower width failed at stages=1024 (time limit)
AMD Radeon(TM) Graphics,16384,16,25377968,25.377968,107.43655395507812,,512.0,,,,,,time,blocked: lower width failed at stages=1024 (time limit)
AMD Radeon(TM) Graphics,32768,16,50281648,50.281648,213.06155395507812,,512.0,,,,,,time,blocked: lower width failed at stages=1024 (time limit)
AMD Radeon(TM) Graphics,65536,16,100089008,100.089008,424.3115539550781,,512.0,,,,,,time,blocked: lower width failed at stages=1024 (time limit)
AMD Radeon(TM) Graphics,131072,16,199703728,199.703728,846.8115539550781,,512.0,,,,,,oom,pre-run: model size >= 512 MiB (est. 847 MiB)
AMD Radeon(TM) Graphics,262144,16,398933168,398.933168,1691.8115539550781,,512.0,,,,,,oom,pre-run: model size >= 512 MiB (est. 1692 MiB)
AMD Radeon(TM) Graphics,524288,16,797392048,797.392048,3381.811553955078,,512.0,,,,,,oom,pre-run: model size >= 512 MiB (est. 3382 MiB)
AMD Radeon(TM) Graphics,1048576,16,1594309808,1594.309808,6761.811553955078,,512.0,,,,,,oom,pre-run: model size >= 512 MiB (est. 6762 MiB)
AMD Radeon(TM) Graphics,0,32,481008,0.481008,1.837799072265625,0.0,512.0,96.96830000029877,97.11429999879329,97.067300001072,97.0601600005466,0.0402105014653735,,
AMD Radeon(TM) Graphics,1,32,486608,0.486608,1.8604202270507812,0.0,512.0,97.19789999508066,97.4149999965448,97.34865000064019,97.3362000004272,0.06457338512509835,,
AMD Radeon(TM) Graphics,2,32,492208,0.492208,1.8830413818359375,0.0,512.0,97.51569999934873,97.74910000123782,97.67905000262544,97.65762000097311,0.07571695680382359,,
AMD Radeon(TM) Graphics,4,32,503408,0.503408,1.92828369140625,0.0,512.0,98.12879999662982,98.40450000046985,98.21724999710568,98.23583000033977,0.0735475648554443,,
AMD Radeon(TM) Graphics,8,32,525808,0.525808,2.018768310546875,0.0,512.0,99.27439999592025,99.51079999882495,99.37704999538255,99.37313999835169,0.0658566813123322,,
AMD Radeon(TM) Graphics,16,32,570608,0.570608,2.199737548828125,0.0,512.0,101.66079999908106,101.9423999969149,101.77870000188705,101.80616000070586,0.10333697486954949,,
AMD Radeon(TM) Graphics,32,32,660208,0.660208,2.561676025390625,0.0,512.0,106.24480000115,106.52050000499003,106.43379999964964,106.40820000189706,0.08119757410603637,,
AMD Radeon(TM) Graphics,64,32,839408,0.839408,3.285552978515625,0.0,512.0,115.58990000048652,115.86309999984223,115.68439999609836,115.6953199992131,0.07375449602198815,,
AMD Radeon(TM) Graphics,128,32,1197808,1.197808,4.733306884765625,0.0,512.0,134.33700000314275,134.6138000008068,134.38264999786043,134.44398999999976,0.1044803079612124,,
AMD Radeon(TM) Graphics,256,32,1914608,1.914608,7.628814697265625,0.0,512.0,171.03810000116937,177.07160000281874,171.3628500001505,172.38475999984075,2.09736083497557,,
AMD Radeon(TM) Graphics,512,32,3348208,3.348208,13.419830322265625,0.0,512.0,513.8032999966526,532.9716999985976,520.2464000030886,522.2497399998247,7.154707971284066,,
AMD Radeon(TM) Graphics,1024,32,6215408,6.215408,25.001861572265625,,512.0,,,,,,time,blocked: lower width failed at stages=1024 (time limit)
AMD Radeon(TM) Graphics,2048,32,11949808,11.949808,48.165924072265625,,512.0,,,,,,time,blocked: lower width failed at stages=1024 (time limit)
AMD Radeon(TM) Graphics,4096,32,23418608,23.418608,94.49404907226562,,512.0,,,,,,time,blocked: lower width failed at stages=1024 (time limit)
AMD Radeon(TM) Graphics,8192,32,46356208,46.356208,187.15029907226562,,512.0,,,,,,time,blocked: lower width failed at stages=1024 (time limit)
AMD Radeon(TM) Graphics,16384,32,92231408,92.231408,372.4627990722656,,512.0,,,,,,time,blocked: lower width failed at stages=1024 (time limit)
AMD Radeon(TM) Graphics,32768,32,183981808,183.981808,743.0877990722656,,512.0,,,,,,oom,pre-run: model size >= 512 MiB (est. 743 MiB)
AMD Radeon(TM) Graphics,65536,32,367482608,367.482608,1484.3377990722656,,512.0,,,,,,oom,pre-run: model size >= 512 MiB (est. 1484 MiB)
AMD Radeon(TM) Graphics,131072,32,734484208,734.484208,2966.8377990722656,,512.0,,,,,,oom,pre-run: model size >= 512 MiB (est. 2967 MiB)
AMD Radeon(TM) Graphics,262144,32,1468487408,1468.487408,5931.837799072266,,512.0,,,,,,oom,pre-run: model size >= 512 MiB (est. 5932 MiB)
AMD Radeon(TM) Graphics,524288,32,2936493808,2936.493808,11861.837799072266,,512.0,,,,,,oom,pre-run: model size >= 512 MiB (est. 11862 MiB)
AMD Radeon(TM) Graphics,1048576,32,5872506608,5872.506608,23721.837799072266,,512.0,,,,,,oom,pre-run: model size >= 512 MiB (est. 23722 MiB)
AMD Radeon(TM) Graphics,0,64,494448,0.494448,1.890289306640625,0.0,512.0,97.38650000508642,97.62580000096932,97.4797499984561,97.47278000140795,0.06939085973726596,,
AMD Radeon(TM) Graphics,1,64,515888,0.515888,1.9745559692382812,0.0,512.0,98.00349999568425,98.17360000306508,98.0858500006434,98.07564999864553,0.0507259566620076,,
AMD Radeon(TM) Graphics,2,64,537328,0.537328,2.0588226318359375,0.0,512.0,98.5928000009153,98.7128999986453,98.62880000218865,98.6413899991021,0.033661800952379174,,
AMD Radeon(TM) Graphics,4,64,580208,0.580208,2.22735595703125,0.0,512.0,99.77600000274833,100.15539999585599,99.91235000052257,99.93279999980587,0.1252737224213271,,
AMD Radeon(TM) Graphics,8,64,665968,0.665968,2.564422607421875,0.0,512.0,102.08089999650838,102.42040000593988,102.24514999936218,102.24015000130748,0.10650601389302149,,
AMD Radeon(TM) Graphics,16,64,837488,0.837488,3.238555908203125,0.0,512.0,106.6038999997545,106.84340000443626,106.70774999744026,106.69875999956275,0.07234875648301549,,
AMD Radeon(TM) Graphics,32,64,1180528,1.180528,4.586822509765625,0.0,512.0,115.824699998484,115.98049999884097,115.91354999836767,115.90333999847644,0.05117286717904684,,
AMD Radeon(TM) Graphics,64,64,1866608,1.866608,7.283355712890625,0.0,512.0,134.1868000017712,134.3782000039937,134.2842499980179,134.27681000102893,0.054512080436792475,,
AMD Radeon(TM) Graphics,128,64,3238768,3.238768,12.676422119140625,0.0,512.0,184.188199993514,185.0542000029236,184.66724999962025,184.67648999940138,0.23399775056445898,,
AMD Radeon(TM) Graphics,256,64,5983088,5.983088,23.462554931640625,0.0,512.0,268.61259999714093,272.8337000007741,269.45169999817153,269.6873999979289,1.1396790367223233,,
AMD Radeon(TM) Graphics,512,64,11471728,11.471728,45.034820556640625,0.0,512.0,529.6339000051375,550.6775000030757,536.455349996686,537.897520000115,6.745995062576928,,
AMD Radeon(TM) Graphics,1024,64,22449008,22.449008,88.17935180664062,,512.0,,,,,,time,blocked: lower width failed at stages=1024 (time limit)
AMD Radeon(TM) Graphics,2048,64,44403568,44.403568,174.46841430664062,,512.0,,,,,,time,blocked: lower width failed at stages=1024 (time limit)
AMD Radeon(TM) Graphics,4096,64,88312688,88.312688,347.0465393066406,,512.0,,,,,,time,blocked: lower width failed at stages=1024 (time limit)
AMD Radeon(TM) Graphics,8192,64,176130928,176.130928,692.2027893066406,,512.0,,,,,,oom,pre-run: model size >= 512 MiB (est. 692 MiB)
AMD Radeon(TM) Graphics,16384,64,351767408,351.767408,1382.5152893066406,,512.0,,,,,,oom,pre-run: model size >= 512 MiB (est. 1383 MiB)
AMD Radeon(TM) Graphics,32768,64,703040368,703.040368,2763.1402893066406,,512.0,,,,,,oom,pre-run: model size >= 512 MiB (est. 2763 MiB)
AMD Radeon(TM) Graphics,65536,64,1405586288,1405.586288,5524.390289306641,,512.0,,,,,,oom,pre-run: model size >= 512 MiB (est. 5524 MiB)
AMD Radeon(TM) Graphics,131072,64,2810678128,2810.678128,11046.89028930664,,512.0,,,,,,oom,pre-run: model size >= 512 MiB (est. 11047 MiB)
AMD Radeon(TM) Graphics,262144,64,5620861808,5620.861808,22091.89028930664,,512.0,,,,,,oom,pre-run: model size >= 512 MiB (est. 22092 MiB)
AMD Radeon(TM) Graphics,524288,64,11241229168,11241.229168,44181.89028930664,,512.0,,,,,,oom,pre-run: model size >= 512 MiB (est. 44182 MiB)
AMD Radeon(TM) Graphics,1048576,64,22481963888,22481.963888,88361.89028930664,,512.0,,,,,,oom,pre-run: model size >= 512 MiB (est. 88362 MiB)
AMD Radeon(TM) Graphics,0,128,521328,0.521328,1.995269775390625,0.0,512.0,97.81430000293767,98.01590000279248,97.8994499964756,97.90689999936149,0.05999013202245025,,
AMD Radeon(TM) Graphics,1,128,605168,0.605168,2.3200149536132812,0.0,512.0,99.27969999989728,99.46569999738131,99.34844999952475,99.36387000052491,0.05929747120238846,,
AMD Radeon(TM) Graphics,2,128,689008,0.689008,2.6447601318359375,0.0,512.0,100.58650000428315,100.7988000055775,100.74185000485159,100.70608000169159,0.067692434025457,,
AMD Radeon(TM) Graphics,4,128,856688,0.856688,3.29425048828125,0.0,512.0,103.40020000148797,103.86489999655169,103.52274999968358,103.54949999891687,0.12705062614355112,,
AMD Radeon(TM) Graphics,8,128,1192048,1.192048,4.593231201171875,0.0,512.0,108.98019999876851,109.18939999828581,109.07949999818811,109.08559000090463,0.0653376821839872,,
AMD Radeon(TM) Graphics,16,128,1862768,1.862768,7.191192626953125,0.0,512.0,120.15170000086073,120.4580999983591,120.25474999973085,120.2536600001622,0.08390841614248569,,
AMD Radeon(TM) Graphics,32,128,3204208,3.204208,12.387115478515625,0.0,512.0,142.50539999920875,142.77430000220193,142.64190000176313,142.63944999911473,0.09315710633288397,,
AMD Radeon(TM) Graphics,64,128,5887088,5.887088,22.778961181640625,0.0,512.0,201.49769999989076,202.3655000011786,201.685850002832,201.8482200015569,0.3371234101144846,,
AMD Radeon(TM) Graphics,128,128,11252848,11.252848,43.562652587890625,0.0,512.0,313.77380000049016,636.98000000295,316.4440000000468,348.64147000043886,96.12377158984717,,
AMD Radeon(TM) Graphics,256,128,21984368,21.984368,85.13003540039062,0.0,512.0,531.683699999121,964.8146000035922,541.6725499962922,645.5721299993456,146.46915847693447,,
AMD Radeon(TM) Graphics,512,128,43447408,43.447408,168.26480102539062,0.0,512.0,972.7150000035181,986.884399993869,980.1026500026637,980.0059700006386,5.173984895443823,,
AMD Radeon(TM) Graphics,1024,128,86373488,86.373488,334.5343322753906,,512.0,,,,,,time,blocked: lower width failed at stages=1024 (time limit)
AMD Radeon(TM) Graphics,2048,128,172225648,172.225648,667.0733947753906,,512.0,,,,,,oom,pre-run: model size >= 512 MiB (est. 667 MiB)
AMD Radeon(TM) Graphics,4096,128,343929968,343.929968,1332.1515197753906,,512.0,,,,,,oom,pre-run: model size >= 512 MiB (est. 1332 MiB)
AMD Radeon(TM) Graphics,8192,128,687338608,687.338608,2662.3077697753906,,512.0,,,,,,oom,pre-run: model size >= 512 MiB (est. 2662 MiB)
AMD Radeon(TM) Graphics,16384,128,1374155888,1374.155888,5322.620269775391,,512.0,,,,,,oom,pre-run: model size >= 512 MiB (est. 5323 MiB)
AMD Radeon(TM) Graphics,32768,128,2747790448,2747.790448,10643.24526977539,,512.0,,,,,,oom,pre-run: model size >= 512 MiB (est. 10643 MiB)
AMD Radeon(TM) Graphics,65536,128,5495059568,5495.059568,21284.49526977539,,512.0,,,,,,oom,pre-run: model size >= 512 MiB (est. 21284 MiB)
AMD Radeon(TM) Graphics,131072,128,10989597808,10989.597808,42566.99526977539,,512.0,,,,,,oom,pre-run: model size >= 512 MiB (est. 42567 MiB)
AMD Radeon(TM) Graphics,262144,128,21978674288,21978.674288,85131.99526977539,,512.0,,,,,,oom,pre-run: model size >= 512 MiB (est. 85132 MiB)
AMD Radeon(TM) Graphics,524288,128,43956827248,43956.827248,170261.9952697754,,512.0,,,,,,oom,pre-run: model size >= 512 MiB (est. 170262 MiB)
AMD Radeon(TM) Graphics,1048576,128,87913133168,87913.133168,340521.9952697754,,512.0,,,,,,oom,pre-run: model size >= 512 MiB (est. 340522 MiB)
AMD Radeon(TM) Graphics,0,256,575088,0.575088,2.205230712890625,0.0,512.0,101.92310000275029,102.37539999798173,102.18354999960866,102.16341999985161,0.145239875274132,,
AMD Radeon(TM) Graphics,1,256,906608,0.906608,3.4796829223632812,0.0,512.0,106.84279999986757,107.46310000104131,107.30874999717344,107.23522000043886,0.19271590384583745,,
AMD Radeon(TM) Graphics,2,256,1238128,1.238128,4.7541351318359375,0.0,512.0,112.51679999986663,113.14519999723416,112.65959999946062,112.70312999913585,0.1701383382947758,,
AMD Radeon(TM) Graphics,4,256,1901168,1.901168,7.30303955078125,0.0,512.0,121.4140000010957,121.88740000419784,121.59139999857871,121.61578999948688,0.11619580419102381,,
AMD Radeon(TM) Graphics,8,256,3227248,3.227248,12.400848388671875,0.0,512.0,137.5800000023446,137.9728999963845,137.716500001261,137.7443500001391,0.1128786704507459,,
AMD Radeon(TM) Graphics,16,256,5879408,5.879408,22.596466064453125,0.0,512.0,168.72699999657925,169.3297000019811,168.99794999699225,169.02181999830646,0.19522840037768438,,
AMD Radeon(TM) Graphics,32,256,11183728,11.183728,42.987701416015625,0.0,512.0,247.24609999975655,248.04199999925913,247.6443499981542,247.634279999329,0.2529803943248588,,
AMD Radeon(TM) Graphics,64,256,21792368,21.792368,83.77017211914062,0.0,512.0,395.58840000245254,401.2538000024506,398.9451499983261,398.17507000116166,1.8246965732667266,,
AMD Radeon(TM) Graphics,128,256,43009648,43.009648,165.33511352539062,0.0,512.0,688.990399998147,697.2741999998107,693.6887000010756,693.0360200007271,3.0276712392462106,,
AMD Radeon(TM) Graphics,256,256,85444208,85.444208,328.4649963378906,,512.0,,,,,,time,run took 1594.09 ms (> 1000 ms)
AMD Radeon(TM) Graphics,512,256,170313328,170.313328,654.7247619628906,,512.0,,,,,,oom,pre-run: model size >= 512 MiB (est. 655 MiB)
AMD Radeon(TM) Graphics,1024,256,340051568,340.051568,1307.2442932128906,,512.0,,,,,,oom,pre-run: model size >= 512 MiB (est. 1307 MiB)
AMD Radeon(TM) Graphics,2048,256,679528048,679.528048,2612.2833557128906,,512.0,,,,,,oom,pre-run: model size >= 512 MiB (est. 2612 MiB)
AMD Radeon(TM) Graphics,4096,256,1358481008,1358.481008,5222.361480712891,,512.0,,,,,,oom,pre-run: model size >= 512 MiB (est. 5222 MiB)
AMD Radeon(TM) Graphics,8192,256,2716386928,2716.386928,10442.51773071289,,512.0,,,,,,oom,pre-run: model size >= 512 MiB (est. 10443 MiB)
AMD Radeon(TM) Graphics,16384,256,5432198768,5432.198768,20882.83023071289,,512.0,,,,,,oom,pre-run: model size >= 512 MiB (est. 20883 MiB)
AMD Radeon(TM) Graphics,32768,256,10863822448,10863.822448,41763.45523071289,,512.0,,,,,,oom,pre-run: model size >= 512 MiB (est. 41763 MiB)
AMD Radeon(TM) Graphics,65536,256,21727069808,21727.069808,83524.70523071289,,512.0,,,,,,oom,pre-run: model size >= 512 MiB (est. 83525 MiB)
AMD Radeon(TM) Graphics,131072,256,43453564528,43453.564528,167047.2052307129,,512.0,,,,,,oom,pre-run: model size >= 512 MiB (est. 167047 MiB)
AMD Radeon(TM) Graphics,262144,256,86906553968,86906.553968,334092.2052307129,,512.0,,,,,,oom,pre-run: model size >= 512 MiB (est. 334092 MiB)
AMD Radeon(TM) Graphics,524288,256,173812532848,173812.532848,668182.2052307129,,512.0,,,,,,oom,pre-run: model size >= 512 MiB (est. 668182 MiB)
AMD Radeon(TM) Graphics,1048576,256,347624490608,347624.490608,1336362.205230713,,512.0,,,,,,oom,pre-run: model size >= 512 MiB (est. 1336362 MiB)
AMD Radeon(TM) Graphics,0,512,682608,0.682608,2.625152587890625,0.0,512.0,105.57200000039302,106.02759999892442,105.7853000020259,105.78804000178934,0.15610347410007736,,
AMD Radeon(TM) Graphics,1,512,2001008,2.001008,7.674018859863281,0.0,512.0,120.55429999600165,121.14440000004834,120.97145000007004,120.92584000056377,0.16875004858762294,,
AMD Radeon(TM) Graphics,2,512,3319408,3.319408,12.722885131835938,0.0,512.0,134.92930000211345,135.37250000081258,135.2599999991071,135.20747000075062,0.14924383308681372,,
AMD Radeon(TM) Graphics,4,512,5956208,5.956208,22.82061767578125,0.0,512.0,159.7697999968659,160.65819999494124,160.33319999769446,160.33240999895497,0.2293570642198162,,
AMD Radeon(TM) Graphics,8,512,11229808,11.229808,43.016082763671875,0.0,512.0,210.29859999543987,211.10549999866635,210.7054500011145,210.7388499985973,0.2664300405752983,,
AMD Radeon(TM) Graphics,16,512,21777008,21.777008,83.40701293945312,0.0,512.0,326.7844999936642,329.1903999997885,328.57079999666894,328.4342999984801,0.7106332858070938,,
AMD Radeon(TM) Graphics,32,512,42871408,42.871408,164.18887329101562,0.0,512.0,552.9540999996243,556.3973999960581,554.9576500015974,554.8353400001361,1.159216471038599,,
AMD Radeon(TM) Graphics,64,512,85060208,85.060208,325.7525939941406,,512.0,,,,,,time,run took 1007.55 ms (> 1000 ms)
AMD Radeon(TM) Graphics,128,512,169437808,169.437808,648.8800354003906,,512.0,,,,,,oom,pre-run: model size >= 512 MiB (est. 649 MiB)
AMD Radeon(TM) Graphics,256,512,338193008,338.193008,1295.1349182128906,,512.0,,,,,,oom,pre-run: model size >= 512 MiB (est. 1295 MiB)
AMD Radeon(TM) Graphics,512,512,675703408,675.703408,2587.6446838378906,,512.0,,,,,,oom,pre-run: model size >= 512 MiB (est. 2588 MiB)
AMD Radeon(TM) Graphics,1024,512,1350724208,1350.724208,5172.664215087891,,512.0,,,,,,oom,pre-run: model size >= 512 MiB (est. 5173 MiB)
AMD Radeon(TM) Graphics,2048,512,2700765808,2700.765808,10342.70327758789,,512.0,,,,,,oom,pre-run: model size >= 512 MiB (est. 10343 MiB)
AMD Radeon(TM) Graphics,4096,512,5400849008,5400.849008,20682.78140258789,,512.0,,,,,,oom,pre-run: model size >= 512 MiB (est. 20683 MiB)
AMD Radeon(TM) Graphics,8192,512,10801015408,10801.015408,41362.93765258789,,512.0,,,,,,oom,pre-run: model size >= 512 MiB (est. 41363 MiB)
AMD Radeon(TM) Graphics,16384,512,21601348208,21601.348208,82723.25015258789,,512.0,,,,,,oom,pre-run: model size >= 512 MiB (est. 82723 MiB)
AMD Radeon(TM) Graphics,32768,512,43202013808,43202.013808,165443.8751525879,,512.0,,,,,,oom,pre-run: model size >= 512 MiB (est. 165444 MiB)
AMD Radeon(TM) Graphics,65536,512,86403345008,86403.345008,330885.1251525879,,512.0,,,,,,oom,pre-run: model size >= 512 MiB (est. 330885 MiB)
AMD Radeon(TM) Graphics,131072,512,172806007408,172806.007408,661767.6251525879,,512.0,,,,,,oom,pre-run: model size >= 512 MiB (est. 661768 MiB)
AMD Radeon(TM) Graphics,262144,512,345611332208,345611.332208,1323532.625152588,,512.0,,,,,,oom,pre-run: model size >= 512 MiB (est. 1323533 MiB)
AMD Radeon(TM) Graphics,524288,512,691221981808,691221.981808,2647062.625152588,,512.0,,,,,,oom,pre-run: model size >= 512 MiB (est. 2647063 MiB)
AMD Radeon(TM) Graphics,1048576,512,1382443281008,1382443.281008,5294122.625152588,,512.0,,,,,,oom,pre-run: model size >= 512 MiB (est. 5294123 MiB)
AMD Radeon(TM) Graphics,0,1024,897648,0.897648,3.464996337890625,0.0,512.0,112.62990000250284,113.08149999968009,112.96774999937043,112.93616000039037,0.14116494641117425,,
AMD Radeon(TM) Graphics,1,1024,6155888,6.155888,23.56269073486328,0.0,512.0,157.41870000056224,159.35349999926984,158.71654999864404,158.58341999919503,0.5336056948247274,,
AMD Radeon(TM) Graphics,2,1024,11414128,11.414128,43.66038513183594,0.0,512.0,202.27049999812152,202.93769999989308,202.8040000004694,202.66128999865032,0.23519702618073418,,
AMD Radeon(TM) Graphics,4,1024,21930608,21.930608,83.85577392578125,0.0,512.0,293.4875999999349,294.40830000385176,293.93139999592677,293.9363299992692,0.3333470988642999,,
AMD Radeon(TM) Graphics,8,1024,42963568,42.963568,164.24655151367188,0.0,512.0,486.0138000003644,487.69029999675695,487.0006999990437,486.92529999971157,0.5694468667421361,,
AMD Radeon(TM) Graphics,16,1024,85029488,85.029488,325.0281066894531,0.0,512.0,866.8434000064735,871.9464999958291,868.8013499995577,869.2464500010828,2.0882845083617623,,
AMD Radeon(TM) Graphics,32,1024,169161328,169.161328,646.5912170410156,,512.0,,,,,,oom,pre-run: model size >= 512 MiB (est. 647 MiB)
AMD Radeon(TM) Graphics,64,1024,337425008,337.425008,1289.7174377441406,,512.0,,,,,,oom,pre-run: model size >= 512 MiB (est. 1290 MiB)
AMD Radeon(TM) Graphics,128,1024,673952368,673.952368,2575.9698791503906,,512.0,,,,,,oom,pre-run: model size >= 512 MiB (est. 2576 MiB)
AMD Radeon(TM) Graphics,256,1024,1347007088,1347.007088,5148.474761962891,,512.0,,,,,,oom,pre-run: model size >= 512 MiB (est. 5148 MiB)
AMD Radeon(TM) Graphics,512,1024,2693116528,2693.116528,10293.48452758789,,512.0,,,,,,oom,pre-run: model size >= 512 MiB (est. 10293 MiB)
AMD Radeon(TM) Graphics,1024,1024,5385335408,5385.335408,20583.50405883789,,512.0,,,,,,oom,pre-run: model size >= 512 MiB (est. 20584 MiB)
AMD Radeon(TM) Graphics,2048,1024,10769773168,10769.773168,41163.54312133789,,512.0,,,,,,oom,pre-run: model size >= 512 MiB (est. 41164 MiB)
AMD Radeon(TM) Graphics,4096,1024,21538648688,21538.648688,82323.62124633789,,512.0,,,,,,oom,pre-run: model size >= 512 MiB (est. 82324 MiB)
AMD Radeon(TM) Graphics,8192,1024,43076399728,43076.399728,164643.7774963379,,512.0,,,,,,oom,pre-run: model size >= 512 MiB (est. 164644 MiB)
AMD Radeon(TM) Graphics,16384,1024,86151901808,86151.901808,329284.0899963379,,512.0,,,,,,oom,pre-run: model size >= 512 MiB (est. 329284 MiB)
AMD Radeon(TM) Graphics,32768,1024,172302905968,172302.905968,658564.7149963379,,512.0,,,,,,oom,pre-run: model size >= 512 MiB (est. 658565 MiB)
AMD Radeon(TM) Graphics,65536,1024,344604914288,344604.914288,1317125.964996338,,512.0,,,,,,oom,pre-run: model size >= 512 MiB (est. 1317126 MiB)
AMD Radeon(TM) Graphics,131072,1024,689208930928,689208.930928,2634248.464996338,,512.0,,,,,,oom,pre-run: model size >= 512 MiB (est. 2634248 MiB)
AMD Radeon(TM) Graphics,262144,1024,1378416964208,1378416.964208,5268493.464996338,,512.0,,,,,,oom,pre-run: model size >= 512 MiB (est. 5268493 MiB)
AMD Radeon(TM) Graphics,524288,1024,2756833030768,2756833.030768,10536983.464996338,,512.0,,,,,,oom,pre-run: model size >= 512 MiB (est. 10536983 MiB)
AMD Radeon(TM) Graphics,1048576,1024,5513665163888,5513665.163888,21073963.464996338,,512.0,,,,,,oom,pre-run: model size >= 512 MiB (est. 21073963 MiB)
AMD Radeon(TM) Graphics,0,2048,1327728,1.327728,5.144683837890625,0.0,512.0,124.34860000212211,125.2193000036641,124.74439999641618,124.74519000024884,0.24102086377998216,,
AMD Radeon(TM) Graphics,1,2048,22329968,22.329968,85.34003448486328,0.0,512.0,286.2542999937432,286.94939999695634,286.48265000083484,286.49104999931296,0.19600993499658714,,
AMD Radeon(TM) Graphics,2,2048,43332208,43.332208,165.53538513183594,0.0,512.0,461.2723999962327,462.7439999967464,461.77430000170716,461.90207000108785,0.5456758387610355,,
AMD Radeon(TM) Graphics,4,2048,85336688,85.336688,325.92608642578125,0.0,512.0,812.1582999956445,817.2091000014916,813.5417999983474,814.379139997618,2.0180299907150006,,
AMD Radeon(TM) Graphics,8,2048,169345648,169.345648,646.7074890136719,,512.0,,,,,,oom,pre-run: model size >= 512 MiB (est. 647 MiB)
AMD Radeon(TM) Graphics,16,2048,337363568,337.363568,1288.2702941894531,,512.0,,,,,,oom,pre-run: model size >= 512 MiB (est. 1288 MiB)
AMD Radeon(TM) Graphics,32,2048,673399408,673.399408,2571.3959045410156,,512.0,,,,,,oom,pre-run: model size >= 512 MiB (est. 2571 MiB)
AMD Radeon(TM) Graphics,64,2048,1345471088,1345.471088,5137.647125244141,,512.0,,,,,,oom,pre-run: model size >= 512 MiB (est. 5138 MiB)
AMD Radeon(TM) Graphics,128,2048,2689614448,2689.614448,10270.14956665039,,512.0,,,,,,oom,pre-run: model size >= 512 MiB (est. 10270 MiB)
AMD Radeon(TM) Graphics,256,2048,5377901168,5377.901168,20535.15444946289,,512.0,,,,,,oom,pre-run: model size >= 512 MiB (est. 20535 MiB)
AMD Radeon(TM) Graphics,512,2048,10754474608,10754.474608,41065.16421508789,,512.0,,,,,,oom,pre-run: model size >= 512 MiB (est. 41065 MiB)
AMD Radeon(TM) Graphics,1024,2048,21507621488,21507.621488,82125.18374633789,,512.0,,,,,,oom,pre-run: model size >= 512 MiB (est. 82125 MiB)
AMD Radeon(TM) Graphics,2048,2048,43013915248,43013.915248,164245.2228088379,,512.0,,,,,,oom,pre-run: model size >= 512 MiB (est. 164245 MiB)
AMD Radeon(TM) Graphics,4096,2048,86026502768,86026.502768,328485.3009338379,,512.0,,,,,,oom,pre-run: model size >= 512 MiB (est. 328485 MiB)
AMD Radeon(TM) Graphics,8192,2048,172051677808,172051.677808,656965.4571838379,,512.0,,,,,,oom,pre-run: model size >= 512 MiB (est. 656965 MiB)
AMD Radeon(TM) Graphics,16384,2048,344102027888,344102.027888,1313925.769683838,,512.0,,,,,,oom,pre-run: model size >= 512 MiB (est. 1313926 MiB)
AMD Radeon(TM) Graphics,32768,2048,688202728048,688202.728048,2627846.394683838,,512.0,,,,,,oom,pre-run: model size >= 512 MiB (est. 2627846 MiB)
AMD Radeon(TM) Graphics,65536,2048,1376404128368,1376404.128368,5255687.644683838,,512.0,,,,,,oom,pre-run: model size >= 512 MiB (est. 5255688 MiB)
AMD Radeon(TM) Graphics,131072,2048,2752806929008,2752806.929008,10511370.144683838,,512.0,,,,,,oom,pre-run: model size >= 512 MiB (est. 10511370 MiB)
AMD Radeon(TM) Graphics,262144,2048,5505612530288,5505612.530288,21022735.144683838,,512.0,,,,,,oom,pre-run: model size >= 512 MiB (est. 21022735 MiB)
AMD Radeon(TM) Graphics,524288,2048,11011223732848,11011223.732848,42045465.14468384,,512.0,,,,,,oom,pre-run: model size >= 512 MiB (est. 42045465 MiB)
AMD Radeon(TM) Graphics,1048576,2048,22022446137968,22022446.137968,84090925.14468384,,512.0,,,,,,oom,pre-run: model size >= 512 MiB (est. 84090925 MiB)
AMD Radeon(TM) Graphics,0,4096,2187888,2.187888,8.504058837890625,0.0,512.0,145.15169999503996,145.87809999648016,145.60174999860465,145.57238999841502,0.24387422465753758,,
AMD Radeon(TM) Graphics,1,4096,86135408,86.135408,328.8947219848633,0.0,512.0,869.5332999996026,900.9554000003845,878.298250001535,878.9872299996205,8.906357678069858,,
AMD Radeon(TM) Graphics,2,4096,170082928,170.082928,649.2853851318359,,512.0,,,,,,oom,pre-run: model size >= 512 MiB (est. 649 MiB)
AMD Radeon(TM) Graphics,4,4096,337977968,337.977968,1290.0667114257812,,512.0,,,,,,oom,pre-run: model size >= 512 MiB (est. 1290 MiB)
AMD Radeon(TM) Graphics,8,4096,673768048,673.768048,2571.629364013672,,512.0,,,,,,oom,pre-run: model size >= 512 MiB (est. 2572 MiB)
AMD Radeon(TM) Graphics,16,4096,1345348208,1345.348208,5134.754669189453,,512.0,,,,,,oom,pre-run: model size >= 512 MiB (est. 5135 MiB)
AMD Radeon(TM) Graphics,32,4096,2688508528,2688.508528,10261.005279541016,,512.0,,,,,,oom,pre-run: model size >= 512 MiB (est. 10261 MiB)
AMD Radeon(TM) Graphics,64,4096,5374829168,5374.829168,20513.50650024414,,512.0,,,,,,oom,pre-run: model size >= 512 MiB (est. 20514 MiB)
AMD Radeon(TM) Graphics,128,4096,10747470448,10747.470448,41018.50894165039,,512.0,,,,,,oom,pre-run: model size >= 512 MiB (est. 41019 MiB)
AMD Radeon(TM) Graphics,256,4096,21492753008,21492.753008,82028.51382446289,,512.0,,,,,,oom,pre-run: model size >= 512 MiB (est. 82029 MiB)
AMD Radeon(TM) Graphics,512,4096,42983318128,42983.318128,164048.5235900879,,512.0,,,,,,oom,pre-run: model size >= 512 MiB (est. 164049 MiB)
AMD Radeon(TM) Graphics,1024,4096,85964448368,85964.448368,328088.5431213379,,512.0,,,,,,oom,pre-run: model size >= 512 MiB (est. 328089 MiB)
AMD Radeon(TM) Graphics,2048,4096,171926708848,171926.708848,656168.5821838379,,512.0,,,,,,oom,pre-run: model size >= 512 MiB (est. 656169 MiB)
AMD Radeon(TM) Graphics,4096,4096,343851229808,343851.229808,1312328.660308838,,512.0,,,,,,oom,pre-run: model size >= 512 MiB (est. 1312329 MiB)
AMD Radeon(TM) Graphics,8192,4096,687700271728,687700.271728,2624648.816558838,,512.0,,,,,,oom,pre-run: model size >= 512 MiB (est. 2624649 MiB)
AMD Radeon(TM) Graphics,16384,4096,1375398355568,1375398.355568,5249289.129058838,,512.0,,,,,,oom,pre-run: model size >= 512 MiB (est. 5249289 MiB)
AMD Radeon(TM) Graphics,32768,4096,2750794523248,2750794.523248,10498569.754058838,,512.0,,,,,,oom,pre-run: model size >= 512 MiB (est. 10498570 MiB)
AMD Radeon(TM) Graphics,65536,4096,5501586858608,5501586.858608,20997131.004058838,,512.0,,,,,,oom,pre-run: model size >= 512 MiB (est. 20997131 MiB)
AMD Radeon(TM) Graphics,131072,4096,11003171529328,11003171.529328,41994253.50405884,,512.0,,,,,,oom,pre-run: model size >= 512 MiB (est. 41994254 MiB)
AMD Radeon(TM) Graphics,262144,4096,22006340870768,22006340.870768,83988498.50405884,,512.0,,,,,,oom,pre-run: model size >= 512 MiB (est. 83988499 MiB)
AMD Radeon(TM) Graphics,524288,4096,44012679553648,44012679.553648,167976988.50405884,,512.0,,,,,,oom,pre-run: model size >= 512 MiB (est. 167976989 MiB)
AMD Radeon(TM) Graphics,1048576,4096,88025356919408,88025356.919408,335953968.50405884,,512.0,,,,,,oom,pre-run: model size >= 512 MiB (est. 335953969 MiB)
AMD Radeon(TM) Graphics,0,8192,3908208,3.908208,15.222808837890625,0.0,512.0,202.58900000044378,206.47699999972247,205.24480000312906,204.8394700010249,1.4215720863293857,,
AMD Radeon(TM) Graphics,1,8192,339575408,339.575408,1296.0040969848633,,512.0,,,,,,oom,pre-run: model size >= 512 MiB (est. 1296 MiB)
AMD Radeon(TM) Graphics,2,8192,675242608,675.242608,2576.785385131836,,512.0,,,,,,oom,pre-run: model size >= 512 MiB (est. 2577 MiB)
AMD Radeon(TM) Graphics,4,8192,1346577008,1346.577008,5138.347961425781,,512.0,,,,,,oom,pre-run: model size >= 512 MiB (est. 5138 MiB)
AMD Radeon(TM) Graphics,8,8192,2689245808,2689.245808,10261.473114013672,,512.0,,,,,,oom,pre-run: model size >= 512 MiB (est. 10261 MiB)
AMD Radeon(TM) Graphics,16,8192,5374583408,5374.583408,20507.723419189453,,512.0,,,,,,oom,pre-run: model size >= 512 MiB (est. 20508 MiB)
AMD Radeon(TM) Graphics,32,8192,10745258608,10745.258608,41000.224029541016,,512.0,,,,,,oom,pre-run: model size >= 512 MiB (est. 41000 MiB)
AMD Radeon(TM) Graphics,64,8192,21486609008,21486.609008,81985.22525024414,,512.0,,,,,,oom,pre-run: model size >= 512 MiB (est. 81985 MiB)
AMD Radeon(TM) Graphics,128,8192,42969309808,42969.309808,163955.2276916504,,512.0,,,,,,oom,pre-run: model size >= 512 MiB (est. 163955 MiB)
AMD Radeon(TM) Graphics,256,8192,85934711408,85934.711408,327895.2325744629,,512.0,,,,,,oom,pre-run: model size >= 512 MiB (est. 327895 MiB)
AMD Radeon(TM) Graphics,512,8192,171865514608,171865.514608,655775.2423400879,,512.0,,,,,,oom,pre-run: model size >= 512 MiB (est. 655775 MiB)
AMD Radeon(TM) Graphics,1024,8192,343727121008,343727.121008,1311535.261871338,,512.0,,,,,,oom,pre-run: model size >= 512 MiB (est. 1311535 MiB)
AMD Radeon(TM) Graphics,2048,8192,687450333808,687450.333808,2623055.300933838,,512.0,,,,,,oom,pre-run: model size >= 512 MiB (est. 2623055 MiB)
AMD Radeon(TM) Graphics,4096,8192,1374896759408,1374896.759408,5246095.379058838,,512.0,,,,,,oom,pre-run: model size >= 512 MiB (est. 5246095 MiB)
AMD Radeon(TM) Graphics,8192,8192,2749789610608,2749789.610608,10492175.535308838,,512.0,,,,,,oom,pre-run: model size >= 512 MiB (est. 10492176 MiB)
AMD Radeon(TM) Graphics,16384,8192,5499575313008,5499575.313008,20984335.847808838,,512.0,,,,,,oom,pre-run: model size >= 512 MiB (est. 20984336 MiB)
AMD Radeon(TM) Graphics,32768,8192,10999146717808,10999146.717808,41968656.47280884,,512.0,,,,,,oom,pre-run: model size >= 512 MiB (est. 41968656 MiB)
AMD Radeon(TM) Graphics,65536,8192,21998289527408,21998289.527408,83937297.72280884,,512.0,,,,,,oom,pre-run: model size >= 512 MiB (est. 83937298 MiB)
AMD Radeon(TM) Graphics,131072,8192,43996575146608,43996575.146608,167874580.22280884,,512.0,,,,,,oom,pre-run: model size >= 512 MiB (est. 167874580 MiB)
AMD Radeon(TM) Graphics,262144,8192,87993146385008,87993146.385008,335749145.22280884,,512.0,,,,,,oom,pre-run: model size >= 512 MiB (est. 335749145 MiB)
AMD Radeon(TM) Graphics,524288,8192,175986288861808,175986288.861808,671498275.2228088,,512.0,,,,,,oom,pre-run: model size >= 512 MiB (est. 671498275 MiB)
AMD Radeon(TM) Graphics,1048576,8192,351972573815408,351972573.815408,1342996535.2228088,,512.0,,,,,,oom,pre-run: model size >= 512 MiB (est. 1342996535 MiB)
AMD Radeon(TM) Graphics,0,16384,7348848,7.348848,28.660308837890625,0.0,512.0,329.91970000148285,343.9158999972278,341.5237999979581,339.79987999919103,4.658900100465465,,
AMD Radeon(TM) Graphics,1,16384,1349771888,1349.771888,5150.222846984863,,512.0,,,,,,oom,pre-run: model size >= 512 MiB (est. 5150 MiB)
AMD Radeon(TM) Graphics,2,16384,2692194928,2692.194928,10271.785385131836,,512.0,,,,,,oom,pre-run: model size >= 512 MiB (est. 10272 MiB)
AMD Radeon(TM) Graphics,4,16384,5377041008,5377.041008,20514.91046142578,,512.0,,,,,,oom,pre-run: model size >= 512 MiB (est. 20515 MiB)
AMD Radeon(TM) Graphics,8,16384,10746733168,10746.733168,41001.16061401367,,512.0,,,,,,oom,pre-run: model size >= 512 MiB (est. 41001 MiB)
AMD Radeon(TM) Graphics,16,16384,21486117488,21486.117488,81973.66091918945,,512.0,,,,,,oom,pre-run: model size >= 512 MiB (est. 81974 MiB)
AMD Radeon(TM) Graphics,32,16384,42964886128,42964.886128,163918.66152954102,,512.0,,,,,,oom,pre-run: model size >= 512 MiB (est. 163919 MiB)
AMD Radeon(TM) Graphics,64,16384,85922423408,85922.423408,327808.66275024414,,512.0,,,,,,oom,pre-run: model size >= 512 MiB (est. 327809 MiB)
AMD Radeon(TM) Graphics,128,16384,171837497968,171837.497968,655588.6651916504,,512.0,,,,,,oom,pre-run: model size >= 512 MiB (est. 655589 MiB)
AMD Radeon(TM) Graphics,256,16384,343667647088,343667.647088,1311148.670074463,,512.0,,,,,,oom,pre-run: model size >= 512 MiB (est. 1311149 MiB)
AMD Radeon(TM) Graphics,512,16384,687327945328,687327.945328,2622268.679840088,,512.0,,,,,,oom,pre-run: model size >= 512 MiB (est. 2622269 MiB)
AMD Radeon(TM) Graphics,1024,16384,1374648541808,1374648.541808,5244508.699371338,,512.0,,,,,,oom,pre-run: model size >= 512 MiB (est. 5244509 MiB)
AMD Radeon(TM) Graphics,2048,16384,2749289734768,2749289.734768,10488988.738433838,,512.0,,,,,,oom,pre-run: model size >= 512 MiB (est. 10488989 MiB)
AMD Radeon(TM) Graphics,4096,16384,5498572120688,5498572.120688,20977948.816558838,,512.0,,,,,,oom,pre-run: model size >= 512 MiB (est. 20977949 MiB)
AMD Radeon(TM) Graphics,8192,16384,10997136892528,10997136.892528,41955868.97280884,,512.0,,,,,,oom,pre-run: model size >= 512 MiB (est. 41955869 MiB)
AMD Radeon(TM) Graphics,16384,16384,21994266436208,21994266.436208,83911709.28530884,,512.0,,,,,,oom,pre-run: model size >= 512 MiB (est. 83911709 MiB)
AMD Radeon(TM) Graphics,32768,16384,43988525523568,43988525.523568,167823389.91030884,,512.0,,,,,,oom,pre-run: model size >= 512 MiB (est. 167823390 MiB)
AMD Radeon(TM) Graphics,65536,16384,87977043698288,87977043.698288,335646751.16030884,,512.0,,,,,,oom,pre-run: model size >= 512 MiB (est. 335646751 MiB)
AMD Radeon(TM) Graphics,131072,16384,175954080047728,175954080.047728,671293473.6603088,,512.0,,,,,,oom,pre-run: model size >= 512 MiB (est. 671293474 MiB)
AMD Radeon(TM) Graphics,262144,16384,351908152746608,351908152.746608,1342586918.6603088,,512.0,,,,,,oom,pre-run: model size >= 512 MiB (est. 1342586919 MiB)
AMD Radeon(TM) Graphics,524288,16384,703816298144368,703816298.144368,2685173808.660309,,512.0,,,,,,oom,pre-run: model size >= 512 MiB (est. 2685173809 MiB)
AMD Radeon(TM) Graphics,1048576,16384,1407632588939888,1407632588.939888,5370347588.660309,,512.0,,,,,,oom,pre-run: model size >= 512 MiB (est. 5370347589 MiB)
AMD Radeon(TM) Graphics,0,32768,14230128,14.230128,55.535308837890625,0.0,512.0,590.9401000026264,622.0724999948288,620.4345499972987,611.9704999997339,13.313960350624823,,
AMD Radeon(TM) Graphics,1,32768,5383430768,5383.430768,20538.660346984863,,512.0,,,,,,oom,pre-run: model size >= 512 MiB (est. 20539 MiB)
AMD Radeon(TM) Graphics,2,32768,10752631408,10752.631408,41021.785385131836,,512.0,,,,,,oom,pre-run: model size >= 512 MiB (est. 41022 MiB)
AMD Radeon(TM) Graphics,4,32768,21491032688,21491.032688,81988.03546142578,,512.0,,,,,,oom,pre-run: model size >= 512 MiB (est. 81988 MiB)
AMD Radeon(TM) Graphics,8,32768,42967835248,42967.835248,163920.53561401367,,512.0,,,,,,oom,pre-run: model size >= 512 MiB (est. 163921 MiB)
AMD Radeon(TM) Graphics,16,32768,85921440368,85921.440368,327785.53591918945,,512.0,,,,,,oom,pre-run: model size >= 512 MiB (est. 327786 MiB)
AMD Radeon(TM) Graphics,32,32768,171828650608,171828.650608,655515.536529541,,512.0,,,,,,oom,pre-run: model size >= 512 MiB (est. 655516 MiB)
AMD Radeon(TM) Graphics,64,32768,343643071088,343643.071088,1310975.5377502441,,512.0,,,,,,oom,pre-run: model size >= 512 MiB (est. 1310976 MiB)
AMD Radeon(TM) Graphics,128,32768,687271912048,687271.912048,2621895.5401916504,,512.0,,,,,,oom,pre-run: model size >= 512 MiB (est. 2621896 MiB)
AMD Radeon(TM) Graphics,256,32768,1374529593968,1374529.593968,5243735.545074463,,512.0,,,,,,oom,pre-run: model size >= 512 MiB (est. 5243736 MiB)
AMD Radeon(TM) Graphics,512,32768,2749044957808,2749044.957808,10487415.554840088,,512.0,,,,,,oom,pre-run: model size >= 512 MiB (est. 10487416 MiB)
AMD Radeon(TM) Graphics,1024,32768,5498075685488,5498075.685488,20974775.574371338,,512.0,,,,,,oom,pre-run: model size >= 512 MiB (est. 20974776 MiB)
AMD Radeon(TM) Graphics,2048,32768,10996137140848,10996137.140848,41949495.61343384,,512.0,,,,,,oom,pre-run: model size >= 512 MiB (est. 41949496 MiB)
AMD Radeon(TM) Graphics,4096,32768,21992260051568,21992260.051568,83898935.69155884,,512.0,,,,,,oom,pre-run: model size >= 512 MiB (est. 83898936 MiB)
AMD Radeon(TM) Graphics,8192,32768,43984505873008,43984505.873008,167797815.84780884,,512.0,,,,,,oom,pre-run: model size >= 512 MiB (est. 167797816 MiB)
AMD Radeon(TM) Graphics,16384,32768,87968997515888,87968997.515888,335595576.16030884,,512.0,,,,,,oom,pre-run: model size >= 512 MiB (est. 335595576 MiB)
AMD Radeon(TM) Graphics,32768,32768,175937980801648,175937980.801648,671191096.7853088,,512.0,,,,,,oom,pre-run: model size >= 512 MiB (est. 671191097 MiB)
AMD Radeon(TM) Graphics,65536,32768,351875947373168,351875947.373168,1342382138.0353088,,512.0,,,,,,oom,pre-run: model size >= 512 MiB (est. 1342382138 MiB)
AMD Radeon(TM) Graphics,131072,32768,703751880516208,703751880.516208,2684764220.535309,,512.0,,,,,,oom,pre-run: model size >= 512 MiB (est. 2684764221 MiB)
AMD Radeon(TM) Graphics,262144,32768,1407503746802288,1407503746.802288,5369528385.535309,,512.0,,,,,,oom,pre-run: model size >= 512 MiB (est. 5369528386 MiB)
AMD Radeon(TM) Graphics,524288,32768,2815007479374448,2815007479.374448,10739056715.535309,,512.0,,,,,,oom,pre-run: model size >= 512 MiB (est. 10739056716 MiB)
AMD Radeon(TM) Graphics,1048576,32768,5630014944518768,5630014944.518768,21478113375.53531,,512.0,,,,,,oom,pre-run: model size >= 512 MiB (est. 21478113376 MiB)
